"user_id","state","gender"
"1","PR","FEMALE"
"2","CA","FEMALE"
"3","PR","MALE"
"4","SC","MALE"
"5","GU","FEMALE"
"6","MN","MALE"
"7","PW","MALE"
"8","MH","MALE"
"9","ID","FEMALE"
"10","VA","MALE"
"11","DC","MALE"
"12","TX","FEMALE"
"13","LA","FEMALE"
"14","AZ","FEMALE"
"15","KY","MALE"
"16","MN","FEMALE"
"17","CT","FEMALE"
"18","NJ","MALE"
"19","SC","FEMALE"
"20","DC","MALE"
"21","WV","MALE"
"22","SC","FEMALE"
"23","GU","FEMALE"
"24","DC","FEMALE"
"25","NV","MALE"
"26","IN","MALE"
"27","AR","MALE"
"28","NE","FEMALE"
"29","NE","FEMALE"
"30","KY","MALE"
"31","PR","FEMALE"
"32","NV","MALE"
"33","ME","MALE"
"34","NV","MALE"
"35","FM","FEMALE"
"36","FM","FEMALE"
"37","NY","FEMALE"
"38","MS","MALE"
"39","WV","MALE"
"40","LA","FEMALE"
"41","GA","FEMALE"
"42","MA","FEMALE"
"43","MN","MALE"
"44","UT","FEMALE"
"45","IA","MALE"
"46","HI","MALE"
"47","OK","MALE"
"48","AK","FEMALE"
"49","MS","MALE"
"50","KS","FEMALE"
"51","DE","FEMALE"
"52","TN","MALE"
"53","ID","MALE"
"54","ID","FEMALE"
"55","ND","FEMALE"
"56","WY","FEMALE"
"57","NV","MALE"
"58","HI","FEMALE"
"59","MO","FEMALE"
"60","FM","MALE"
"61","SD","MALE"
"62","MT","MALE"
"63","WY","MALE"
"64","IN","MALE"
"65","VA","FEMALE"
"66","AL","MALE"
"67","WV","FEMALE"
"68","DE","MALE"
"69","LA","FEMALE"
"70","MN","FEMALE"
"71","IA","FEMALE"
"72","NY","MALE"
"73","MO","MALE"
"74","VI","MALE"
"75","VI","MALE"
"76","MA","MALE"
"77","PA","MALE"
"78","NV","FEMALE"
"79","DE","FEMALE"
"80","AR","FEMALE"
"81","AS","FEMALE"
"82","VT","MALE"
"83","VI","FEMALE"
"84","MI","FEMALE"
"85","NM","FEMALE"
"86","TN","FEMALE"
"87","DC","FEMALE"
"88","NV","MALE"
"89","PR","MALE"
"90","MA","MALE"
"91","DC","MALE"
"92","AL","MALE"
"93","WA","MALE"
"94","ID","FEMALE"
"95","MT","FEMALE"
"96","IL","MALE"
"97","DE","FEMALE"
"98","AR","FEMALE"
"99","MT","MALE"
"100","PR","FEMALE"
"101","GA","MALE"
"102","MP","FEMALE"
"103","TX","MALE"
"104","OR","FEMALE"
"105","NV","FEMALE"
"106","MI","MALE"
"107","NH","FEMALE"
"108","MP","FEMALE"
"109","OH","FEMALE"
"110","NV","FEMALE"
"111","AL","MALE"
"112","FL","MALE"
"113","PR","FEMALE"
"114","IL","MALE"
"115","UT","FEMALE"
"116","NH","MALE"
"117","MO","FEMALE"
"118","ID","FEMALE"
"119","OR","MALE"
"120","IA","MALE"
"121","ID","FEMALE"
"122","NY","MALE"
"123","AS","FEMALE"
"124","MI","MALE"
"125","RI","FEMALE"
"126","IA","MALE"
"127","LA","MALE"
"128","PR","FEMALE"
"129","MH","MALE"
"130","MT","FEMALE"
"131","NC","FEMALE"
"132","AK","FEMALE"
"133","NV","MALE"
"134","NE","MALE"
"135","PW","FEMALE"
"136","PA","FEMALE"
"137","LA","FEMALE"
"138","VA","FEMALE"
"139","IA","MALE"
"140","WY","MALE"
"141","NM","MALE"
"142","AK","FEMALE"
"143","KS","FEMALE"
"144","VT","MALE"
"145","PA","MALE"
"146","CT","MALE"
"147","MO","MALE"
"148","VT","MALE"
"149","SD","MALE"
"150","VI","MALE"
"151","WV","FEMALE"
"152","PR","MALE"
"153","HI","FEMALE"
"154","NY","MALE"
"155","UT","MALE"
"156","TN","FEMALE"
"157","CA","MALE"
"158","AL","FEMALE"
"159","CT","FEMALE"
"160","HI","FEMALE"
"161","NJ","FEMALE"
"162","MO","FEMALE"
"163","WI","MALE"
"164","MP","MALE"
"165","CO","FEMALE"
"166","DC","FEMALE"
"167","WA","MALE"
"168","IN","MALE"
"169","FL","FEMALE"
"170","MA","FEMALE"
"171","FL","FEMALE"
"172","TX","FEMALE"
"173","ND","FEMALE"
"174","NH","MALE"
"175","TX","FEMALE"
"176","KS","MALE"
"177","PW","MALE"
"178","KY","MALE"
"179","MN","FEMALE"
"180","MI","FEMALE"
"181","NY","FEMALE"
"182","GA","FEMALE"
"183","ND","MALE"
"184","MD","MALE"
"185","NE","FEMALE"
"186","AZ","MALE"
"187","NH","MALE"
"188","VT","FEMALE"
"189","NE","FEMALE"
"190","VA","MALE"
"191","NH","FEMALE"
"192","SD","FEMALE"
"193","PR","MALE"
"194","ME","FEMALE"
"195","SD","FEMALE"
"196","NJ","FEMALE"
"197","HI","FEMALE"
"198","NV","FEMALE"
"199","DE","FEMALE"
"200","RI","FEMALE"
"201","LA","MALE"
"202","MI","MALE"
"203","IN","FEMALE"
"204","IN","MALE"
"205","ND","MALE"
"206","IL","MALE"
"207","WI","FEMALE"
"208","TN","FEMALE"
"209","SD","MALE"
"210","WY","MALE"
"211","UT","FEMALE"
"212","MO","FEMALE"
"213","MA","MALE"
"214","ME","MALE"
"215","GU","FEMALE"
"216","PW","MALE"
"217","WV","MALE"
"218","AK","MALE"
"219","ND","MALE"
"220","HI","MALE"
"221","AS","FEMALE"
"222","NC","MALE"
"223","MH","FEMALE"
"224","AZ","MALE"
"225","MS","FEMALE"
"226","MN","MALE"
"227","AS","MALE"
"228","TN","FEMALE"
"229","AK","MALE"
"230","SC","MALE"
"231","OK","FEMALE"
"232","CT","FEMALE"
"233","WI","FEMALE"
"234","UT","MALE"
"235","ID","MALE"
"236","FL","FEMALE"
"237","FM","MALE"
"238","NE","MALE"
"239","PW","FEMALE"
"240","GU","MALE"
"241","CO","MALE"
"242","SD","MALE"
"243","MN","MALE"
"244","IA","MALE"
"245","PW","FEMALE"
"246","KS","MALE"
"247","MI","FEMALE"
"248","MN","FEMALE"
"249","LA","MALE"
"250","ID","MALE"
"251","GU","FEMALE"
"252","ID","MALE"
"253","IN","FEMALE"
"254","FL","FEMALE"
"255","AZ","FEMALE"
"256","TX","FEMALE"
"257","MN","FEMALE"
"258","NM","MALE"
"259","NM","MALE"
"260","CT","FEMALE"
"261","IA","FEMALE"
"262","AS","MALE"
"263","IA","MALE"
"264","MA","FEMALE"
"265","KY","FEMALE"
"266","NH","FEMALE"
"267","UT","FEMALE"
"268","AL","FEMALE"
"269","ID","MALE"
"270","IL","MALE"
"271","DC","FEMALE"
"272","NM","MALE"
"273","RI","MALE"
"274","PW","FEMALE"
"275","PA","FEMALE"
"276","VI","FEMALE"
"277","AK","FEMALE"
"278","OR","MALE"
"279","CA","MALE"
"280","MT","MALE"
"281","OH","FEMALE"
"282","IA","MALE"
"283","CT","MALE"
"284","SD","FEMALE"
"285","GU","FEMALE"
"286","CT","MALE"
"287","MA","MALE"
"288","PW","MALE"
"289","MP","MALE"
"290","MI","MALE"
"291","MH","FEMALE"
"292","PA","FEMALE"
"293","NM","FEMALE"
"294","CO","FEMALE"
"295","NV","MALE"
"296","DE","FEMALE"
"297","WI","MALE"
"298","HI","FEMALE"
"299","MN","MALE"
"300","CO","MALE"
"301","PR","FEMALE"
"302","GU","MALE"
"303","KS","FEMALE"
"304","NH","FEMALE"
"305","GU","MALE"
"306","GU","FEMALE"
"307","MD","MALE"
"308","ND","MALE"
"309","WI","FEMALE"
"310","PR","MALE"
"311","MO","FEMALE"
"312","GA","FEMALE"
"313","MH","FEMALE"
"314","NY","MALE"
"315","LA","FEMALE"
"316","PR","MALE"
"317","NY","FEMALE"
"318","MS","FEMALE"
"319","MA","MALE"
"320","WA","FEMALE"
"321","MA","FEMALE"
"322","VI","FEMALE"
"323","NV","MALE"
"324","SD","MALE"
"325","AS","FEMALE"
"326","MT","MALE"
"327","UT","MALE"
"328","KS","MALE"
"329","UT","FEMALE"
"330","AS","FEMALE"
"331","MN","MALE"
"332","AL","MALE"
"333","KY","FEMALE"
"334","CT","FEMALE"
"335","MD","FEMALE"
"336","WY","MALE"
"337","CA","MALE"
"338","NY","FEMALE"
"339","SD","FEMALE"
"340","FM","MALE"
"341","OK","FEMALE"
"342","ME","MALE"
"343","UT","FEMALE"
"344","TX","FEMALE"
"345","IA","FEMALE"
"346","HI","MALE"
"347","TX","MALE"
"348","UT","FEMALE"
"349","NJ","FEMALE"
"350","SD","MALE"
"351","NJ","MALE"
"352","MP","FEMALE"
"353","FL","FEMALE"
"354","NM","MALE"
"355","NM","MALE"
"356","MA","FEMALE"
"357","ME","FEMALE"
"358","IN","MALE"
"359","DE","MALE"
"360","IA","MALE"
"361","NC","MALE"
"362","KY","FEMALE"
"363","TX","MALE"
"364","HI","MALE"
"365","NE","FEMALE"
"366","IA","MALE"
"367","CO","MALE"
"368","HI","FEMALE"
"369","NE","MALE"
"370","GA","MALE"
"371","DE","FEMALE"
"372","DC","MALE"
"373","AL","MALE"
"374","MO","FEMALE"
"375","GA","MALE"
"376","TN","MALE"
"377","CO","MALE"
"378","IN","FEMALE"
"379","TX","FEMALE"
"380","AK","MALE"
"381","TN","MALE"
"382","IN","MALE"
"383","VT","MALE"
"384","PR","MALE"
"385","DE","MALE"
"386","ND","MALE"
"387","MD","FEMALE"
"388","ND","FEMALE"
"389","NV","FEMALE"
"390","TX","MALE"
"391","WY","MALE"
"392","MS","FEMALE"
"393","OR","MALE"
"394","ID","FEMALE"
"395","TN","FEMALE"
"396","WY","MALE"
"397","GU","FEMALE"
"398","RI","FEMALE"
"399","PA","MALE"
"400","NE","MALE"
"401","DE","MALE"
"402","AR","FEMALE"
"403","AS","MALE"
"404","ID","FEMALE"
"405","UT","FEMALE"
"406","NJ","MALE"
"407","MP","MALE"
"408","MI","FEMALE"
"409","WV","FEMALE"
"410","AL","MALE"
"411","HI","MALE"
"412","CO","FEMALE"
"413","NH","MALE"
"414","MS","FEMALE"
"415","OH","MALE"
"416","FL","FEMALE"
"417","AL","FEMALE"
"418","VI","MALE"
"419","AS","FEMALE"
"420","WY","MALE"
"421","NC","FEMALE"
"422","TX","FEMALE"
"423","CA","MALE"
"424","AS","FEMALE"
"425","SC","MALE"
"426","CA","MALE"
"427","WY","MALE"
"428","WV","FEMALE"
"429","IL","MALE"
"430","NY","FEMALE"
"431","MO","FEMALE"
"432","MO","FEMALE"
"433","CT","FEMALE"
"434","FM","MALE"
"435","RI","FEMALE"
"436","HI","FEMALE"
"437","CO","FEMALE"
"438","PW","MALE"
"439","FM","FEMALE"
"440","IN","FEMALE"
"441","TN","FEMALE"
"442","IL","MALE"
"443","FM","FEMALE"
"444","NY","FEMALE"
"445","NJ","FEMALE"
"446","WA","MALE"
"447","IN","MALE"
"448","HI","MALE"
"449","DE","FEMALE"
"450","RI","MALE"
"451","MI","FEMALE"
"452","OH","FEMALE"
"453","VT","FEMALE"
"454","UT","FEMALE"
"455","NM","FEMALE"
"456","HI","MALE"
"457","MT","FEMALE"
"458","MA","FEMALE"
"459","OR","MALE"
"460","HI","FEMALE"
"461","HI","FEMALE"
"462","PR","MALE"
"463","WA","MALE"
"464","LA","MALE"
"465","NY","MALE"
"466","MS","FEMALE"
"467","NJ","FEMALE"
"468","DE","MALE"
"469","IL","FEMALE"
"470","MP","FEMALE"
"471","NM","FEMALE"
"472","AZ","MALE"
"473","WV","MALE"
"474","NH","MALE"
"475","NY","MALE"
"476","WA","MALE"
"477","RI","MALE"
"478","WY","FEMALE"
"479","UT","MALE"
"480","UT","FEMALE"
"481","CO","FEMALE"
"482","WY","MALE"
"483","ME","FEMALE"
"484","SD","MALE"
"485","FM","MALE"
"486","WA","FEMALE"
"487","ID","FEMALE"
"488","KY","MALE"
"489","NE","MALE"
"490","ID","MALE"
"491","MD","FEMALE"
"492","SD","FEMALE"
"493","CA","FEMALE"
"494","MD","MALE"
"495","OR","FEMALE"
"496","OK","FEMALE"
"497","VI","FEMALE"
"498","CA","FEMALE"
"499","KS","MALE"
"500","SC","MALE"
"501","OK","MALE"
"502","GA","FEMALE"
"503","GU","FEMALE"
"504","WY","FEMALE"
"505","AZ","FEMALE"
"506","FL","FEMALE"
"507","TN","FEMALE"
"508","NY","FEMALE"
"509","ID","FEMALE"
"510","MI","FEMALE"
"511","ME","FEMALE"
"512","VA","MALE"
"513","TN","FEMALE"
"514","PR","FEMALE"
"515","MT","FEMALE"
"516","HI","FEMALE"
"517","DC","MALE"
"518","PR","MALE"
"519","NY","FEMALE"
"520","IN","FEMALE"
"521","HI","FEMALE"
"522","WA","MALE"
"523","AK","FEMALE"
"524","NY","FEMALE"
"525","ND","MALE"
"526","NJ","FEMALE"
"527","OK","MALE"
"528","AK","FEMALE"
"529","MN","FEMALE"
"530","SC","FEMALE"
"531","LA","FEMALE"
"532","VI","FEMALE"
"533","AK","MALE"
"534","IL","FEMALE"
"535","NJ","MALE"
"536","KS","FEMALE"
"537","AR","MALE"
"538","NV","MALE"
"539","ME","FEMALE"
"540","MS","MALE"
"541","CT","FEMALE"
"542","ME","FEMALE"
"543","MP","MALE"
"544","DE","FEMALE"
"545","GA","MALE"
"546","AK","MALE"
"547","IN","FEMALE"
"548","WV","FEMALE"
"549","AZ","MALE"
"550","VT","MALE"
"551","MI","MALE"
"552","MA","FEMALE"
"553","WY","MALE"
"554","OK","FEMALE"
"555","TX","MALE"
"556","IA","FEMALE"
"557","IN","FEMALE"
"558","MO","FEMALE"
"559","MD","MALE"
"560","NE","MALE"
"561","IL","MALE"
"562","ME","MALE"
"563","ND","FEMALE"
"564","MP","MALE"
"565","VA","MALE"
"566","NY","FEMALE"
"567","VT","MALE"
"568","VT","MALE"
"569","MT","MALE"
"570","MD","FEMALE"
"571","NC","FEMALE"
"572","MP","MALE"
"573","AR","MALE"
"574","MI","MALE"
"575","MA","FEMALE"
"576","NJ","MALE"
"577","NJ","FEMALE"
"578","AZ","MALE"
"579","GA","MALE"
"580","GA","MALE"
"581","TN","FEMALE"
"582","AS","MALE"
"583","NJ","FEMALE"
"584","NM","MALE"
"585","MA","MALE"
"586","IL","MALE"
"587","IN","MALE"
"588","AK","MALE"
"589","NH","FEMALE"
"590","GA","FEMALE"
"591","CO","FEMALE"
"592","IN","MALE"
"593","CT","FEMALE"
"594","ID","FEMALE"
"595","NC","FEMALE"
"596","ID","FEMALE"
"597","AS","MALE"
"598","OK","FEMALE"
"599","FM","MALE"
"600","ME","MALE"
"601","AZ","FEMALE"
"602","ME","FEMALE"
"603","IA","FEMALE"
"604","PW","MALE"
"605","DE","FEMALE"
"606","KY","FEMALE"
"607","DC","FEMALE"
"608","FM","MALE"
"609","UT","FEMALE"
"610","WA","FEMALE"
"611","AL","MALE"
"612","CO","MALE"
"613","WY","MALE"
"614","MS","MALE"
"615","AZ","FEMALE"
"616","NE","MALE"
"617","KS","MALE"
"618","CA","MALE"
"619","MN","MALE"
"620","AR","FEMALE"
"621","PW","FEMALE"
"622","WY","FEMALE"
"623","WY","MALE"
"624","NC","MALE"
"625","MS","MALE"
"626","OH","MALE"
"627","MS","MALE"
"628","UT","FEMALE"
"629","NC","MALE"
"630","NY","FEMALE"
"631","PA","FEMALE"
"632","UT","FEMALE"
"633","MH","FEMALE"
"634","RI","MALE"
"635","MO","FEMALE"
"636","FL","MALE"
"637","WY","FEMALE"
"638","VI","FEMALE"
"639","WY","MALE"
"640","NE","FEMALE"
"641","MI","MALE"
"642","AK","MALE"
"643","DE","MALE"
"644","WV","FEMALE"
"645","WV","MALE"
"646","IA","MALE"
"647","VI","MALE"
"648","LA","FEMALE"
"649","MD","MALE"
"650","KS","FEMALE"
"651","LA","MALE"
"652","OR","MALE"
"653","IA","FEMALE"
"654","DC","MALE"
"655","VA","FEMALE"
"656","CO","MALE"
"657","GU","MALE"
"658","PW","MALE"
"659","NE","FEMALE"
"660","OR","MALE"
"661","HI","FEMALE"
"662","WI","FEMALE"
"663","MI","FEMALE"
"664","WV","MALE"
"665","AS","MALE"
"666","UT","FEMALE"
"667","IL","FEMALE"
"668","NM","FEMALE"
"669","MH","FEMALE"
"670","UT","FEMALE"
"671","CA","FEMALE"
"672","OK","FEMALE"
"673","IL","FEMALE"
"674","NJ","MALE"
"675","WI","MALE"
"676","WI","MALE"
"677","DC","FEMALE"
"678","TX","FEMALE"
"679","MD","MALE"
"680","HI","FEMALE"
"681","SC","MALE"
"682","VA","MALE"
"683","NC","MALE"
"684","HI","MALE"
"685","OK","MALE"
"686","WI","MALE"
"687","NH","FEMALE"
"688","TN","MALE"
"689","OH","FEMALE"
"690","MH","FEMALE"
"691","CA","FEMALE"
"692","MN","MALE"
"693","NV","MALE"
"694","GA","MALE"
"695","AK","MALE"
"696","OR","MALE"
"697","CO","FEMALE"
"698","WY","MALE"
"699","CA","FEMALE"
"700","PA","FEMALE"
"701","HI","FEMALE"
"702","DC","FEMALE"
"703","FL","MALE"
"704","SC","MALE"
"705","WV","MALE"
"706","ME","FEMALE"
"707","PW","FEMALE"
"708","IA","FEMALE"
"709","FM","FEMALE"
"710","GA","FEMALE"
"711","MN","FEMALE"
"712","SD","FEMALE"
"713","TX","FEMALE"
"714","AS","MALE"
"715","NC","FEMALE"
"716","UT","MALE"
"717","CA","MALE"
"718","LA","FEMALE"
"719","PR","FEMALE"
"720","RI","MALE"
"721","RI","MALE"
"722","AS","MALE"
"723","MS","FEMALE"
"724","MA","MALE"
"725","VT","FEMALE"
"726","NH","MALE"
"727","ME","FEMALE"
"728","VI","FEMALE"
"729","KY","MALE"
"730","SC","FEMALE"
"731","NH","FEMALE"
"732","WV","FEMALE"
"733","HI","MALE"
"734","AK","FEMALE"
"735","IA","MALE"
"736","PR","FEMALE"
"737","MI","FEMALE"
"738","IN","MALE"
"739","DE","FEMALE"
"740","MN","FEMALE"
"741","IA","MALE"
"742","GU","FEMALE"
"743","VI","MALE"
"744","WV","FEMALE"
"745","GA","FEMALE"
"746","NM","FEMALE"
"747","UT","MALE"
"748","ND","FEMALE"
"749","RI","FEMALE"
"750","TN","FEMALE"
"751","SC","FEMALE"
"752","MT","FEMALE"
"753","IN","FEMALE"
"754","IN","FEMALE"
"755","DE","MALE"
"756","MD","FEMALE"
"757","UT","MALE"
"758","AL","FEMALE"
"759","MO","FEMALE"
"760","MP","MALE"
"761","OK","MALE"
"762","NJ","MALE"
"763","MP","FEMALE"
"764","PR","FEMALE"
"765","WV","MALE"
"766","AZ","FEMALE"
"767","MO","FEMALE"
"768","MT","MALE"
"769","CA","FEMALE"
"770","WV","FEMALE"
"771","IA","FEMALE"
"772","ME","FEMALE"
"773","WV","MALE"
"774","AS","FEMALE"
"775","ID","MALE"
"776","GA","FEMALE"
"777","NM","MALE"
"778","VA","FEMALE"
"779","MN","FEMALE"
"780","TX","MALE"
"781","FL","MALE"
"782","NM","MALE"
"783","VI","MALE"
"784","KY","FEMALE"
"785","AR","FEMALE"
"786","PW","MALE"
"787","VT","FEMALE"
"788","TN","MALE"
"789","KY","MALE"
"790","KY","FEMALE"
"791","VT","FEMALE"
"792","DE","FEMALE"
"793","MH","MALE"
"794","WI","FEMALE"
"795","CT","MALE"
"796","NH","MALE"
"797","DC","MALE"
"798","AK","FEMALE"
"799","TX","MALE"
"800","KS","FEMALE"
"801","AS","FEMALE"
"802","CT","MALE"
"803","UT","MALE"
"804","AK","MALE"
"805","VI","MALE"
"806","WV","FEMALE"
"807","WA","MALE"
"808","TN","FEMALE"
"809","IN","MALE"
"810","NH","FEMALE"
"811","UT","MALE"
"812","AR","MALE"
"813","DC","MALE"
"814","AL","FEMALE"
"815","IA","MALE"
"816","WY","MALE"
"817","NM","MALE"
"818","CT","FEMALE"
"819","PW","FEMALE"
"820","WI","FEMALE"
"821","MS","MALE"
"822","UT","FEMALE"
"823","PR","FEMALE"
"824","WY","MALE"
"825","IN","MALE"
"826","VA","FEMALE"
"827","AK","FEMALE"
"828","OK","MALE"
"829","MH","MALE"
"830","MI","FEMALE"
"831","PW","FEMALE"
"832","NC","FEMALE"
"833","ND","FEMALE"
"834","NY","FEMALE"
"835","KY","FEMALE"
"836","AL","MALE"
"837","MT","FEMALE"
"838","ME","MALE"
"839","GU","MALE"
"840","AR","FEMALE"
"841","CO","FEMALE"
"842","RI","MALE"
"843","VI","FEMALE"
"844","LA","MALE"
"845","TN","MALE"
"846","NV","MALE"
"847","NJ","MALE"
"848","KY","MALE"
"849","PA","MALE"
"850","IA","FEMALE"
"851","DE","FEMALE"
"852","IL","MALE"
"853","NJ","FEMALE"
"854","SD","FEMALE"
"855","CA","MALE"
"856","IN","MALE"
"857","ME","FEMALE"
"858","AR","FEMALE"
"859","GA","FEMALE"
"860","NM","MALE"
"861","NM","MALE"
"862","OR","FEMALE"
"863","OK","FEMALE"
"864","MT","FEMALE"
"865","NJ","FEMALE"
"866","WY","MALE"
"867","WV","FEMALE"
"868","OH","MALE"
"869","CA","MALE"
"870","MD","FEMALE"
"871","AR","MALE"
"872","NC","MALE"
"873","FL","MALE"
"874","NH","FEMALE"
"875","PW","FEMALE"
"876","TX","MALE"
"877","ND","FEMALE"
"878","SC","FEMALE"
"879","KY","FEMALE"
"880","MH","MALE"
"881","UT","MALE"
"882","MS","MALE"
"883","NM","MALE"
"884","OH","FEMALE"
"885","PA","MALE"
"886","TX","FEMALE"
"887","WI","MALE"
"888","AL","FEMALE"
"889","KY","FEMALE"
"890","CT","FEMALE"
"891","ME","FEMALE"
"892","IA","MALE"
"893","HI","MALE"
"894","NE","MALE"
"895","VA","MALE"
"896","MA","FEMALE"
"897","AR","FEMALE"
"898","AZ","FEMALE"
"899","WY","MALE"
"900","WI","MALE"
"901","AR","MALE"
"902","IA","FEMALE"
"903","NV","FEMALE"
"904","TX","MALE"
"905","NY","MALE"
"906","RI","FEMALE"
"907","NV","MALE"
"908","AR","FEMALE"
"909","FL","MALE"
"910","SC","MALE"
"911","MA","MALE"
"912","KS","MALE"
"913","AS","FEMALE"
"914","SD","MALE"
"915","KS","FEMALE"
"916","WV","MALE"
"917","OR","MALE"
"918","GU","MALE"
"919","MI","MALE"
"920","KY","FEMALE"
"921","PR","MALE"
"922","MN","MALE"
"923","MA","MALE"
"924","AK","MALE"
"925","KY","FEMALE"
"926","FL","MALE"
"927","OR","MALE"
"928","PW","MALE"
"929","CT","FEMALE"
"930","PR","FEMALE"
"931","ND","FEMALE"
"932","LA","FEMALE"
"933","NH","FEMALE"
"934","DC","FEMALE"
"935","NY","FEMALE"
"936","OK","MALE"
"937","ID","FEMALE"
"938","NC","MALE"
"939","MD","MALE"
"940","NJ","FEMALE"
"941","MN","FEMALE"
"942","AL","MALE"
"943","KY","FEMALE"
"944","OR","MALE"
"945","NC","FEMALE"
"946","HI","MALE"
"947","NE","MALE"
"948","GA","FEMALE"
"949","AZ","FEMALE"
"950","MA","MALE"
"951","FM","MALE"
"952","MI","MALE"
"953","FM","MALE"
"954","RI","FEMALE"
"955","AR","FEMALE"
"956","NV","MALE"
"957","PW","MALE"
"958","OK","MALE"
"959","SC","MALE"
"960","CA","MALE"
"961","MH","FEMALE"
"962","AK","MALE"
"963","MO","FEMALE"
"964","TN","FEMALE"
"965","TN","FEMALE"
"966","MH","FEMALE"
"967","IA","MALE"
"968","MN","FEMALE"
"969","GU","MALE"
"970","VA","MALE"
"971","ME","MALE"
"972","OK","MALE"
"973","IN","FEMALE"
"974","RI","MALE"
"975","NY","FEMALE"
"976","IL","FEMALE"
"977","LA","FEMALE"
"978","AZ","MALE"
"979","AR","MALE"
"980","NV","MALE"
"981","GU","MALE"
"982","MS","FEMALE"
"983","NM","FEMALE"
"984","TX","FEMALE"
"985","AL","MALE"
"986","FM","FEMALE"
"987","MP","FEMALE"
"988","NM","FEMALE"
"989","CA","MALE"
"990","MH","MALE"
"991","SD","MALE"
"992","PR","MALE"
"993","TN","FEMALE"
"994","MA","MALE"
"995","OR","FEMALE"
"996","MI","MALE"
"997","RI","MALE"
"998","TN","MALE"
"999","NH","FEMALE"
"1000","IL","FEMALE"
"1001","AR","FEMALE"
"1002","VA","FEMALE"
"1003","CO","FEMALE"
"1004","IA","MALE"
"1005","GA","FEMALE"
"1006","IN","MALE"
"1007","AS","MALE"
"1008","TX","FEMALE"
"1009","MO","FEMALE"
"1010","ME","MALE"
"1011","IN","MALE"
"1012","NV","FEMALE"
"1013","MI","FEMALE"
"1014","GA","MALE"
"1015","MD","MALE"
"1016","PW","MALE"
"1017","VI","MALE"
"1018","MO","MALE"
"1019","MS","FEMALE"
"1020","LA","FEMALE"
"1021","AR","MALE"
"1022","NE","MALE"
"1023","OR","MALE"
"1024","FM","MALE"
"1025","AL","MALE"
"1026","ID","MALE"
"1027","ME","FEMALE"
"1028","KY","MALE"
"1029","TN","FEMALE"
"1030","AL","FEMALE"
"1031","VA","FEMALE"
"1032","AK","FEMALE"
"1033","ND","MALE"
"1034","ME","FEMALE"
"1035","VT","FEMALE"
"1036","NE","MALE"
"1037","MA","FEMALE"
"1038","RI","FEMALE"
"1039","NV","MALE"
"1040","NC","FEMALE"
"1041","NM","FEMALE"
"1042","MI","FEMALE"
"1043","MH","FEMALE"
"1044","GA","FEMALE"
"1045","OH","FEMALE"
"1046","MP","FEMALE"
"1047","AS","MALE"
"1048","FL","MALE"
"1049","SD","MALE"
"1050","NH","FEMALE"
"1051","IN","FEMALE"
"1052","MI","MALE"
"1053","GU","FEMALE"
"1054","RI","MALE"
"1055","CT","FEMALE"
"1056","OR","MALE"
"1057","LA","FEMALE"
"1058","DE","MALE"
"1059","TX","MALE"
"1060","VA","FEMALE"
"1061","AL","MALE"
"1062","MA","MALE"
"1063","TX","FEMALE"
"1064","NC","MALE"
"1065","DC","MALE"
"1066","GA","FEMALE"
"1067","NY","FEMALE"
"1068","AK","MALE"
"1069","OR","FEMALE"
"1070","LA","FEMALE"
"1071","OH","FEMALE"
"1072","PA","FEMALE"
"1073","HI","MALE"
"1074","PR","MALE"
"1075","AS","MALE"
"1076","OK","MALE"
"1077","NM","MALE"
"1078","TN","FEMALE"
"1079","IA","MALE"
"1080","MP","FEMALE"
"1081","NE","MALE"
"1082","MD","MALE"
"1083","VA","MALE"
"1084","IA","FEMALE"
"1085","PA","MALE"
"1086","AL","MALE"
"1087","DE","FEMALE"
"1088","CA","MALE"
"1089","IL","FEMALE"
"1090","TN","MALE"
"1091","MA","FEMALE"
"1092","MP","MALE"
"1093","NH","FEMALE"
"1094","ME","FEMALE"
"1095","CA","FEMALE"
"1096","NV","MALE"
"1097","WA","MALE"
"1098","MD","FEMALE"
"1099","MS","FEMALE"
"1100","GA","MALE"
"1101","SC","MALE"
"1102","GA","FEMALE"
"1103","MP","FEMALE"
"1104","KY","MALE"
"1105","UT","MALE"
"1106","GU","MALE"
"1107","DE","FEMALE"
"1108","LA","FEMALE"
"1109","KS","MALE"
"1110","VI","FEMALE"
"1111","UT","MALE"
"1112","ID","MALE"
"1113","MA","FEMALE"
"1114","GU","MALE"
"1115","AL","MALE"
"1116","DE","MALE"
"1117","PA","FEMALE"
"1118","WI","FEMALE"
"1119","ME","MALE"
"1120","CT","MALE"
"1121","VI","MALE"
"1122","AS","MALE"
"1123","ID","MALE"
"1124","IL","FEMALE"
"1125","OK","FEMALE"
"1126","VI","MALE"
"1127","ME","MALE"
"1128","IN","MALE"
"1129","AL","FEMALE"
"1130","VI","FEMALE"
"1131","NJ","MALE"
"1132","ID","FEMALE"
"1133","MH","FEMALE"
"1134","AK","MALE"
"1135","DC","MALE"
"1136","ME","MALE"
"1137","ND","MALE"
"1138","GA","MALE"
"1139","MP","MALE"
"1140","CT","MALE"
"1141","NV","MALE"
"1142","IA","MALE"
"1143","DC","MALE"
"1144","MP","MALE"
"1145","NY","FEMALE"
"1146","IA","MALE"
"1147","WY","FEMALE"
"1148","NC","FEMALE"
"1149","PA","MALE"
"1150","MN","MALE"
"1151","NJ","MALE"
"1152","DC","FEMALE"
"1153","MO","FEMALE"
"1154","AK","FEMALE"
"1155","WA","FEMALE"
"1156","IA","MALE"
"1157","HI","FEMALE"
"1158","NH","MALE"
"1159","FM","FEMALE"
"1160","TX","MALE"
"1161","LA","MALE"
"1162","WV","MALE"
"1163","AS","MALE"
"1164","MS","MALE"
"1165","PR","FEMALE"
"1166","MS","MALE"
"1167","NY","MALE"
"1168","NV","MALE"
"1169","WV","MALE"
"1170","DE","MALE"
"1171","IA","FEMALE"
"1172","PR","FEMALE"
"1173","RI","FEMALE"
"1174","WI","FEMALE"
"1175","AS","MALE"
"1176","OK","MALE"
"1177","VI","MALE"
"1178","NJ","MALE"
"1179","CT","FEMALE"
"1180","OR","FEMALE"
"1181","ME","MALE"
"1182","AL","MALE"
"1183","IL","FEMALE"
"1184","NY","FEMALE"
"1185","MT","FEMALE"
"1186","IA","MALE"
"1187","MO","MALE"
"1188","FM","FEMALE"
"1189","FL","MALE"
"1190","VT","FEMALE"
"1191","VA","MALE"
"1192","GA","FEMALE"
"1193","ME","MALE"
"1194","NC","FEMALE"
"1195","MP","MALE"
"1196","IA","FEMALE"
"1197","IN","MALE"
"1198","ID","FEMALE"
"1199","OR","FEMALE"
"1200","FM","FEMALE"
"1201","GU","FEMALE"
"1202","DE","MALE"
"1203","NY","FEMALE"
"1204","AR","FEMALE"
"1205","MD","MALE"
"1206","MT","MALE"
"1207","AR","MALE"
"1208","MP","MALE"
"1209","NC","FEMALE"
"1210","WV","MALE"
"1211","PR","MALE"
"1212","IA","FEMALE"
"1213","TX","MALE"
"1214","PR","FEMALE"
"1215","PR","MALE"
"1216","GA","MALE"
"1217","WY","FEMALE"
"1218","DC","MALE"
"1219","WV","FEMALE"
"1220","VT","MALE"
"1221","MA","MALE"
"1222","AZ","MALE"
"1223","ME","FEMALE"
"1224","MT","MALE"
"1225","TN","FEMALE"
"1226","GA","MALE"
"1227","AZ","MALE"
"1228","NV","MALE"
"1229","OH","MALE"
"1230","MO","MALE"
"1231","TX","MALE"
"1232","MA","MALE"
"1233","PW","MALE"
"1234","KS","FEMALE"
"1235","KS","FEMALE"
"1236","CT","MALE"
"1237","NY","MALE"
"1238","IL","FEMALE"
"1239","PR","FEMALE"
"1240","PA","MALE"
"1241","CO","MALE"
"1242","GA","MALE"
"1243","NC","FEMALE"
"1244","FL","FEMALE"
"1245","AR","MALE"
"1246","WY","FEMALE"
"1247","CO","MALE"
"1248","OH","FEMALE"
"1249","AL","FEMALE"
"1250","WI","FEMALE"
"1251","GU","FEMALE"
"1252","ND","FEMALE"
"1253","NE","MALE"
"1254","IL","FEMALE"
"1255","CT","MALE"
"1256","CA","MALE"
"1257","MO","MALE"
"1258","LA","MALE"
"1259","AR","FEMALE"
"1260","TX","FEMALE"
"1261","SD","MALE"
"1262","NE","MALE"
"1263","ND","MALE"
"1264","ID","FEMALE"
"1265","FL","MALE"
"1266","MS","FEMALE"
"1267","AK","MALE"
"1268","MN","MALE"
"1269","WI","MALE"
"1270","CT","FEMALE"
"1271","NM","FEMALE"
"1272","NV","MALE"
"1273","NJ","FEMALE"
"1274","IN","MALE"
"1275","UT","FEMALE"
"1276","PA","MALE"
"1277","TX","MALE"
"1278","MN","FEMALE"
"1279","MA","MALE"
"1280","AK","MALE"
"1281","KY","FEMALE"
"1282","NC","FEMALE"
"1283","CO","MALE"
"1284","NY","MALE"
"1285","VT","MALE"
"1286","CA","MALE"
"1287","NE","MALE"
"1288","NM","FEMALE"
"1289","PA","MALE"
"1290","AR","MALE"
"1291","OK","FEMALE"
"1292","TX","FEMALE"
"1293","HI","MALE"
"1294","DC","MALE"
"1295","VA","MALE"
"1296","AS","FEMALE"
"1297","IA","MALE"
"1298","PW","FEMALE"
"1299","NM","MALE"
"1300","AS","FEMALE"
"1301","NV","FEMALE"
"1302","OK","FEMALE"
"1303","PW","FEMALE"
"1304","MH","MALE"
"1305","AS","MALE"
"1306","PW","MALE"
"1307","CA","FEMALE"
"1308","ID","FEMALE"
"1309","CO","MALE"
"1310","WA","MALE"
"1311","NV","MALE"
"1312","KY","FEMALE"
"1313","MI","MALE"
"1314","HI","FEMALE"
"1315","AL","FEMALE"
"1316","LA","FEMALE"
"1317","TX","FEMALE"
"1318","AS","FEMALE"
"1319","HI","MALE"
"1320","ND","FEMALE"
"1321","WA","MALE"
"1322","OH","MALE"
"1323","ND","MALE"
"1324","GU","MALE"
"1325","MP","FEMALE"
"1326","MP","FEMALE"
"1327","PR","FEMALE"
"1328","PR","MALE"
"1329","AS","MALE"
"1330","MA","MALE"
"1331","CT","MALE"
"1332","HI","MALE"
"1333","CO","MALE"
"1334","PA","MALE"
"1335","MP","FEMALE"
"1336","KS","MALE"
"1337","NE","FEMALE"
"1338","FM","MALE"
"1339","MS","MALE"
"1340","TX","MALE"
"1341","PR","FEMALE"
"1342","LA","FEMALE"
"1343","UT","FEMALE"
"1344","NC","FEMALE"
"1345","VA","FEMALE"
"1346","SD","FEMALE"
"1347","MA","FEMALE"
"1348","LA","MALE"
"1349","NM","FEMALE"
"1350","MA","FEMALE"
"1351","SC","FEMALE"
"1352","OR","MALE"
"1353","OH","MALE"
"1354","WV","FEMALE"
"1355","IN","FEMALE"
"1356","RI","MALE"
"1357","VI","MALE"
"1358","TN","FEMALE"
"1359","NE","FEMALE"
"1360","VA","MALE"
"1361","OH","FEMALE"
"1362","IN","MALE"
"1363","GU","FEMALE"
"1364","NE","MALE"
"1365","NJ","FEMALE"
"1366","PR","FEMALE"
"1367","IN","MALE"
"1368","MP","FEMALE"
"1369","DE","MALE"
"1370","MA","MALE"
"1371","IL","MALE"
"1372","VI","MALE"
"1373","OH","MALE"
"1374","MP","FEMALE"
"1375","WV","FEMALE"
"1376","LA","FEMALE"
"1377","MN","FEMALE"
"1378","LA","MALE"
"1379","NH","MALE"
"1380","OH","MALE"
"1381","AK","FEMALE"
"1382","ND","FEMALE"
"1383","MI","MALE"
"1384","PW","MALE"
"1385","DE","FEMALE"
"1386","ME","FEMALE"
"1387","WV","MALE"
"1388","HI","MALE"
"1389","IL","MALE"
"1390","GU","MALE"
"1391","OH","MALE"
"1392","TX","MALE"
"1393","OH","FEMALE"
"1394","AS","FEMALE"
"1395","ID","MALE"
"1396","MD","MALE"
"1397","KY","MALE"
"1398","MH","FEMALE"
"1399","VI","FEMALE"
"1400","UT","MALE"
"1401","VI","FEMALE"
"1402","KS","MALE"
"1403","DE","FEMALE"
"1404","FM","FEMALE"
"1405","NE","FEMALE"
"1406","MH","FEMALE"
"1407","MS","FEMALE"
"1408","SC","FEMALE"
"1409","AZ","FEMALE"
"1410","ND","MALE"
"1411","CT","MALE"
"1412","KY","FEMALE"
"1413","MP","FEMALE"
"1414","MS","FEMALE"
"1415","GA","MALE"
"1416","NM","FEMALE"
"1417","AL","FEMALE"
"1418","NY","FEMALE"
"1419","PR","FEMALE"
"1420","CT","MALE"
"1421","VA","MALE"
"1422","RI","MALE"
"1423","TN","FEMALE"
"1424","FL","MALE"
"1425","IN","FEMALE"
"1426","IA","FEMALE"
"1427","NC","MALE"
"1428","IA","MALE"
"1429","MP","MALE"
"1430","IL","FEMALE"
"1431","WV","MALE"
"1432","PR","MALE"
"1433","IL","FEMALE"
"1434","IN","MALE"
"1435","FL","MALE"
"1436","IA","MALE"
"1437","KY","FEMALE"
"1438","GU","MALE"
"1439","VT","MALE"
"1440","SD","FEMALE"
"1441","NJ","FEMALE"
"1442","DC","FEMALE"
"1443","HI","FEMALE"
"1444","GA","FEMALE"
"1445","PA","FEMALE"
"1446","CT","MALE"
"1447","NJ","MALE"
"1448","MA","FEMALE"
"1449","NY","MALE"
"1450","FM","MALE"
"1451","MP","FEMALE"
"1452","VT","FEMALE"
"1453","TX","FEMALE"
"1454","WA","MALE"
"1455","CA","FEMALE"
"1456","SC","MALE"
"1457","CO","MALE"
"1458","VI","MALE"
"1459","IA","MALE"
"1460","KY","FEMALE"
"1461","SC","FEMALE"
"1462","OH","MALE"
"1463","VA","MALE"
"1464","RI","FEMALE"
"1465","IL","FEMALE"
"1466","IA","MALE"
"1467","MS","MALE"
"1468","MA","MALE"
"1469","NC","MALE"
"1470","MN","MALE"
"1471","GA","FEMALE"
"1472","WY","FEMALE"
"1473","MP","FEMALE"
"1474","GU","MALE"
"1475","MA","MALE"
"1476","SD","FEMALE"
"1477","GU","FEMALE"
"1478","WA","MALE"
"1479","HI","MALE"
"1480","IL","MALE"
"1481","AL","FEMALE"
"1482","ID","FEMALE"
"1483","DE","FEMALE"
"1484","HI","FEMALE"
"1485","GU","FEMALE"
"1486","NY","MALE"
"1487","NV","FEMALE"
"1488","IN","FEMALE"
"1489","IL","MALE"
"1490","KS","MALE"
"1491","VT","FEMALE"
"1492","NE","FEMALE"
"1493","VA","MALE"
"1494","MP","MALE"
"1495","MA","MALE"
"1496","AK","FEMALE"
"1497","NY","MALE"
"1498","RI","FEMALE"
"1499","FM","FEMALE"
"1500","NE","FEMALE"
"1501","KY","MALE"
"1502","PA","FEMALE"
"1503","IN","FEMALE"
"1504","NE","FEMALE"
"1505","RI","FEMALE"
"1506","NJ","MALE"
"1507","AZ","FEMALE"
"1508","KY","FEMALE"
"1509","NY","MALE"
"1510","NV","MALE"
"1511","OH","FEMALE"
"1512","CA","FEMALE"
"1513","VI","MALE"
"1514","ID","FEMALE"
"1515","GU","MALE"
"1516","MS","FEMALE"
"1517","WI","FEMALE"
"1518","CO","MALE"
"1519","WA","MALE"
"1520","AK","FEMALE"
"1521","IN","FEMALE"
"1522","NC","FEMALE"
"1523","OR","FEMALE"
"1524","TN","FEMALE"
"1525","TX","MALE"
"1526","VT","FEMALE"
"1527","IN","MALE"
"1528","CA","MALE"
"1529","UT","MALE"
"1530","IL","MALE"
"1531","ND","FEMALE"
"1532","VA","MALE"
"1533","MO","FEMALE"
"1534","FL","MALE"
"1535","NC","MALE"
"1536","AK","FEMALE"
"1537","UT","FEMALE"
"1538","IA","MALE"
"1539","SD","MALE"
"1540","MH","FEMALE"
"1541","NY","FEMALE"
"1542","OH","MALE"
"1543","MI","FEMALE"
"1544","AL","MALE"
"1545","NV","MALE"
"1546","IL","FEMALE"
"1547","NE","FEMALE"
"1548","KY","FEMALE"
"1549","CO","MALE"
"1550","DC","MALE"
"1551","WY","MALE"
"1552","UT","MALE"
"1553","PW","FEMALE"
"1554","AZ","FEMALE"
"1555","SD","MALE"
"1556","SC","MALE"
"1557","WV","FEMALE"
"1558","DC","MALE"
"1559","ME","FEMALE"
"1560","CT","FEMALE"
"1561","RI","FEMALE"
"1562","NE","FEMALE"
"1563","NH","MALE"
"1564","KS","FEMALE"
"1565","GA","FEMALE"
"1566","DC","MALE"
"1567","TX","MALE"
"1568","FL","FEMALE"
"1569","NV","FEMALE"
"1570","NE","MALE"
"1571","MS","MALE"
"1572","NH","FEMALE"
"1573","MA","MALE"
"1574","WY","MALE"
"1575","MH","FEMALE"
"1576","FM","FEMALE"
"1577","MS","MALE"
"1578","MP","MALE"
"1579","CT","FEMALE"
"1580","ME","MALE"
"1581","DC","MALE"
"1582","CO","MALE"
"1583","RI","MALE"
"1584","CO","MALE"
"1585","PW","MALE"
"1586","NC","FEMALE"
"1587","MN","MALE"
"1588","PA","FEMALE"
"1589","ID","MALE"
"1590","IN","FEMALE"
"1591","WA","MALE"
"1592","AK","FEMALE"
"1593","ND","FEMALE"
"1594","NC","FEMALE"
"1595","UT","MALE"
"1596","OR","FEMALE"
"1597","WA","FEMALE"
"1598","IL","FEMALE"
"1599","GA","MALE"
"1600","ID","MALE"
"1601","WI","MALE"
"1602","OK","MALE"
"1603","GU","MALE"
"1604","GA","FEMALE"
"1605","HI","FEMALE"
"1606","KY","MALE"
"1607","WA","FEMALE"
"1608","MN","MALE"
"1609","FM","FEMALE"
"1610","NY","FEMALE"
"1611","NY","MALE"
"1612","OR","MALE"
"1613","PA","FEMALE"
"1614","PR","MALE"
"1615","MA","MALE"
"1616","AS","FEMALE"
"1617","LA","FEMALE"
"1618","TN","MALE"
"1619","NM","MALE"
"1620","OR","FEMALE"
"1621","PA","FEMALE"
"1622","NY","FEMALE"
"1623","MP","FEMALE"
"1624","AZ","MALE"
"1625","CO","MALE"
"1626","WA","MALE"
"1627","MP","FEMALE"
"1628","MS","FEMALE"
"1629","MO","FEMALE"
"1630","FL","MALE"
"1631","VI","FEMALE"
"1632","IA","MALE"
"1633","AR","FEMALE"
"1634","UT","MALE"
"1635","FL","MALE"
"1636","AL","FEMALE"
"1637","DC","MALE"
"1638","VI","FEMALE"
"1639","GU","MALE"
"1640","AK","MALE"
"1641","NM","MALE"
"1642","PW","FEMALE"
"1643","WI","MALE"
"1644","LA","FEMALE"
"1645","AZ","MALE"
"1646","SD","MALE"
"1647","IA","MALE"
"1648","VA","MALE"
"1649","MD","MALE"
"1650","DC","MALE"
"1651","CT","FEMALE"
"1652","HI","FEMALE"
"1653","MA","FEMALE"
"1654","NJ","FEMALE"
"1655","NJ","FEMALE"
"1656","DE","FEMALE"
"1657","IA","FEMALE"
"1658","TX","FEMALE"
"1659","MI","FEMALE"
"1660","SC","FEMALE"
"1661","DC","MALE"
"1662","VA","FEMALE"
"1663","AR","FEMALE"
"1664","ID","FEMALE"
"1665","ME","FEMALE"
"1666","CO","MALE"
"1667","MA","MALE"
"1668","DE","MALE"
"1669","WY","MALE"
"1670","SD","MALE"
"1671","AZ","MALE"
"1672","VI","MALE"
"1673","WV","MALE"
"1674","HI","MALE"
"1675","NH","MALE"
"1676","MP","MALE"
"1677","CA","MALE"
"1678","TN","MALE"
"1679","WA","FEMALE"
"1680","WV","FEMALE"
"1681","NJ","FEMALE"
"1682","CT","MALE"
"1683","CT","FEMALE"
"1684","FM","MALE"
"1685","DE","MALE"
"1686","WY","MALE"
"1687","FM","MALE"
"1688","ME","MALE"
"1689","DE","MALE"
"1690","PA","FEMALE"
"1691","CA","FEMALE"
"1692","NM","FEMALE"
"1693","WI","MALE"
"1694","TN","FEMALE"
"1695","FM","MALE"
"1696","TX","MALE"
"1697","AZ","MALE"
"1698","KS","MALE"
"1699","NE","FEMALE"
"1700","WI","FEMALE"
"1701","AR","FEMALE"
"1702","MO","MALE"
"1703","NY","FEMALE"
"1704","WV","FEMALE"
"1705","MS","MALE"
"1706","PR","FEMALE"
"1707","PR","FEMALE"
"1708","MN","MALE"
"1709","WI","FEMALE"
"1710","NY","FEMALE"
"1711","MP","MALE"
"1712","OK","FEMALE"
"1713","MP","MALE"
"1714","TX","FEMALE"
"1715","SC","FEMALE"
"1716","CT","FEMALE"
"1717","MI","FEMALE"
"1718","ID","FEMALE"
"1719","LA","FEMALE"
"1720","MO","FEMALE"
"1721","CA","MALE"
"1722","VA","MALE"
"1723","MN","MALE"
"1724","CO","MALE"
"1725","AZ","MALE"
"1726","MP","FEMALE"
"1727","NY","MALE"
"1728","FM","MALE"
"1729","MD","MALE"
"1730","GA","MALE"
"1731","RI","MALE"
"1732","AS","MALE"
"1733","PR","FEMALE"
"1734","CA","FEMALE"
"1735","AK","MALE"
"1736","MT","FEMALE"
"1737","NM","FEMALE"
"1738","UT","FEMALE"
"1739","MD","FEMALE"
"1740","CO","MALE"
"1741","VT","MALE"
"1742","UT","FEMALE"
"1743","FM","FEMALE"
"1744","VI","MALE"
"1745","IA","FEMALE"
"1746","RI","FEMALE"
"1747","UT","MALE"
"1748","MH","MALE"
"1749","OH","MALE"
"1750","GU","FEMALE"
"1751","OR","FEMALE"
"1752","NC","FEMALE"
"1753","VA","FEMALE"
"1754","MN","MALE"
"1755","MH","FEMALE"
"1756","WV","MALE"
"1757","WV","FEMALE"
"1758","SC","MALE"
"1759","MT","FEMALE"
"1760","VI","MALE"
"1761","OK","FEMALE"
"1762","MP","FEMALE"
"1763","AL","FEMALE"
"1764","MH","MALE"
"1765","AL","FEMALE"
"1766","OR","MALE"
"1767","MT","MALE"
"1768","NC","FEMALE"
"1769","NY","MALE"
"1770","DE","MALE"
"1771","NM","FEMALE"
"1772","NY","MALE"
"1773","WV","MALE"
"1774","AK","FEMALE"
"1775","FM","FEMALE"
"1776","DE","MALE"
"1777","NJ","MALE"
"1778","NH","MALE"
"1779","OR","FEMALE"
"1780","WA","FEMALE"
"1781","UT","FEMALE"
"1782","IA","MALE"
"1783","NC","MALE"
"1784","MI","FEMALE"
"1785","GA","FEMALE"
"1786","NY","MALE"
"1787","MO","FEMALE"
"1788","CO","MALE"
"1789","AL","MALE"
"1790","HI","FEMALE"
"1791","IN","FEMALE"
"1792","NH","MALE"
"1793","MT","MALE"
"1794","AS","MALE"
"1795","WV","FEMALE"
"1796","AR","FEMALE"
"1797","PR","MALE"
"1798","UT","FEMALE"
"1799","OR","MALE"
"1800","MO","MALE"
"1801","KS","MALE"
"1802","GU","MALE"
"1803","CA","MALE"
"1804","TN","FEMALE"
"1805","GU","MALE"
"1806","IL","FEMALE"
"1807","RI","MALE"
"1808","RI","MALE"
"1809","MS","MALE"
"1810","NJ","MALE"
"1811","KY","MALE"
"1812","ND","FEMALE"
"1813","UT","FEMALE"
"1814","DC","MALE"
"1815","CT","MALE"
"1816","LA","FEMALE"
"1817","OK","FEMALE"
"1818","DC","FEMALE"
"1819","PA","MALE"
"1820","NJ","MALE"
"1821","MT","FEMALE"
"1822","CT","FEMALE"
"1823","WV","MALE"
"1824","OK","MALE"
"1825","ID","FEMALE"
"1826","AK","FEMALE"
"1827","NV","FEMALE"
"1828","WA","MALE"
"1829","WY","MALE"
"1830","MI","MALE"
"1831","NV","FEMALE"
"1832","KS","FEMALE"
"1833","KY","FEMALE"
"1834","MH","MALE"
"1835","CA","MALE"
"1836","SC","MALE"
"1837","MP","MALE"
"1838","MS","MALE"
"1839","AK","MALE"
"1840","WV","MALE"
"1841","PA","MALE"
"1842","TX","FEMALE"
"1843","MT","MALE"
"1844","VA","MALE"
"1845","SD","MALE"
"1846","AR","FEMALE"
"1847","OH","FEMALE"
"1848","MA","MALE"
"1849","MD","MALE"
"1850","NH","FEMALE"
"1851","SD","FEMALE"
"1852","ND","MALE"
"1853","IL","FEMALE"
"1854","FM","MALE"
"1855","NC","MALE"
"1856","GU","MALE"
"1857","NJ","MALE"
"1858","AZ","FEMALE"
"1859","FL","FEMALE"
"1860","CT","FEMALE"
"1861","KS","MALE"
"1862","UT","FEMALE"
"1863","NJ","FEMALE"
"1864","WV","MALE"
"1865","MD","MALE"
"1866","NV","FEMALE"
"1867","HI","MALE"
"1868","VI","MALE"
"1869","IL","FEMALE"
"1870","NH","MALE"
"1871","NE","FEMALE"
"1872","VT","FEMALE"
"1873","OK","MALE"
"1874","WI","FEMALE"
"1875","WA","MALE"
"1876","MA","FEMALE"
"1877","AZ","FEMALE"
"1878","VT","MALE"
"1879","GA","FEMALE"
"1880","OH","FEMALE"
"1881","TX","MALE"
"1882","VI","MALE"
"1883","OK","FEMALE"
"1884","TX","FEMALE"
"1885","MS","MALE"
"1886","IL","MALE"
"1887","ID","FEMALE"
"1888","KS","FEMALE"
"1889","MS","MALE"
"1890","ID","MALE"
"1891","MA","MALE"
"1892","NV","MALE"
"1893","AL","FEMALE"
"1894","WI","MALE"
"1895","WI","FEMALE"
"1896","CT","MALE"
"1897","MH","MALE"
"1898","NH","MALE"
"1899","CT","MALE"
"1900","ND","FEMALE"
"1901","NJ","FEMALE"
"1902","NH","FEMALE"
"1903","WV","FEMALE"
"1904","IA","FEMALE"
"1905","DE","FEMALE"
"1906","AR","FEMALE"
"1907","AZ","MALE"
"1908","ND","MALE"
"1909","PA","MALE"
"1910","KS","MALE"
"1911","MA","FEMALE"
"1912","IN","FEMALE"
"1913","MD","FEMALE"
"1914","CO","FEMALE"
"1915","MP","FEMALE"
"1916","SC","MALE"
"1917","LA","MALE"
"1918","NY","FEMALE"
"1919","VA","MALE"
"1920","ID","FEMALE"
"1921","KY","MALE"
"1922","HI","MALE"
"1923","CA","FEMALE"
"1924","VI","MALE"
"1925","WY","MALE"
"1926","DE","MALE"
"1927","ME","FEMALE"
"1928","NV","FEMALE"
"1929","VI","MALE"
"1930","OH","MALE"
"1931","GA","FEMALE"
"1932","KY","MALE"
"1933","MN","FEMALE"
"1934","OK","FEMALE"
"1935","AL","MALE"
"1936","SD","FEMALE"
"1937","RI","MALE"
"1938","WV","MALE"
"1939","MI","MALE"
"1940","OH","MALE"
"1941","SC","FEMALE"
"1942","CA","FEMALE"
"1943","WI","MALE"
"1944","AR","MALE"
"1945","NC","MALE"
"1946","MO","MALE"
"1947","NH","FEMALE"
"1948","CA","MALE"
"1949","NH","MALE"
"1950","DE","MALE"
"1951","SD","MALE"
"1952","MA","FEMALE"
"1953","WY","FEMALE"
"1954","WV","FEMALE"
"1955","MT","FEMALE"
"1956","NM","FEMALE"
"1957","OK","MALE"
"1958","AR","FEMALE"
"1959","IA","MALE"
"1960","MD","MALE"
"1961","IN","FEMALE"
"1962","KY","MALE"
"1963","PW","FEMALE"
"1964","KS","MALE"
"1965","MH","MALE"
"1966","WY","FEMALE"
"1967","WV","FEMALE"
"1968","VT","FEMALE"
"1969","NH","MALE"
"1970","AK","MALE"
"1971","NY","MALE"
"1972","WY","FEMALE"
"1973","NE","FEMALE"
"1974","NE","FEMALE"
"1975","OR","FEMALE"
"1976","MS","FEMALE"
"1977","MA","MALE"
"1978","WA","MALE"
"1979","IN","MALE"
"1980","DE","MALE"
"1981","GU","MALE"
"1982","MI","MALE"
"1983","TX","MALE"
"1984","SC","FEMALE"
"1985","PR","MALE"
"1986","NE","FEMALE"
"1987","OK","MALE"
"1988","IA","MALE"
"1989","WA","FEMALE"
"1990","KY","FEMALE"
"1991","WI","MALE"
"1992","NY","MALE"
"1993","FL","FEMALE"
"1994","PR","MALE"
"1995","AL","FEMALE"
"1996","NE","FEMALE"
"1997","NH","FEMALE"
"1998","CA","MALE"
"1999","DE","FEMALE"
"2000","TX","MALE"
"2001","MN","MALE"
"2002","IA","MALE"
"2003","WA","MALE"
"2004","AZ","FEMALE"
"2005","AR","MALE"
"2006","MD","MALE"
"2007","NJ","MALE"
"2008","KS","FEMALE"
"2009","AZ","MALE"
"2010","DC","MALE"
"2011","MA","FEMALE"
"2012","PR","FEMALE"
"2013","VA","FEMALE"
"2014","NC","MALE"
"2015","MA","FEMALE"
"2016","IN","FEMALE"
"2017","MN","FEMALE"
"2018","NV","MALE"
"2019","AL","FEMALE"
"2020","AK","FEMALE"
"2021","AR","MALE"
"2022","KS","FEMALE"
"2023","NC","MALE"
"2024","MH","FEMALE"
"2025","AR","FEMALE"
"2026","MP","MALE"
"2027","VI","MALE"
"2028","OK","FEMALE"
"2029","SC","FEMALE"
"2030","OR","FEMALE"
"2031","NY","FEMALE"
"2032","AZ","FEMALE"
"2033","TX","MALE"
"2034","NE","MALE"
"2035","LA","FEMALE"
"2036","WI","FEMALE"
"2037","ID","FEMALE"
"2038","IN","MALE"
"2039","KS","FEMALE"
"2040","CO","FEMALE"
"2041","PR","FEMALE"
"2042","DC","MALE"
"2043","AS","MALE"
"2044","OH","FEMALE"
"2045","ID","MALE"
"2046","DC","MALE"
"2047","AZ","FEMALE"
"2048","KY","FEMALE"
"2049","MN","MALE"
"2050","MI","MALE"
"2051","MA","FEMALE"
"2052","AL","FEMALE"
"2053","NV","FEMALE"
"2054","MO","FEMALE"
"2055","MH","FEMALE"
"2056","ME","FEMALE"
"2057","NJ","MALE"
"2058","ID","MALE"
"2059","WA","FEMALE"
"2060","NM","FEMALE"
"2061","MN","MALE"
"2062","KY","FEMALE"
"2063","MH","MALE"
"2064","AK","MALE"
"2065","TX","MALE"
"2066","WV","MALE"
"2067","OK","MALE"
"2068","AR","FEMALE"
"2069","TN","FEMALE"
"2070","NY","MALE"
"2071","GA","MALE"
"2072","MH","MALE"
"2073","AK","FEMALE"
"2074","LA","FEMALE"
"2075","OK","MALE"
"2076","MO","FEMALE"
"2077","KY","MALE"
"2078","OH","MALE"
"2079","ID","FEMALE"
"2080","WA","MALE"
"2081","RI","FEMALE"
"2082","ME","FEMALE"
"2083","NC","MALE"
"2084","CA","FEMALE"
"2085","MO","FEMALE"
"2086","ME","FEMALE"
"2087","UT","MALE"
"2088","GU","MALE"
"2089","RI","MALE"
"2090","IA","FEMALE"
"2091","VA","MALE"
"2092","UT","MALE"
"2093","FL","MALE"
"2094","KS","MALE"
"2095","NH","MALE"
"2096","IL","MALE"
"2097","PW","FEMALE"
"2098","MH","FEMALE"
"2099","VT","MALE"
"2100","NH","MALE"
"2101","RI","FEMALE"
"2102","MO","MALE"
"2103","MI","FEMALE"
"2104","KS","MALE"
"2105","ID","MALE"
"2106","CO","FEMALE"
"2107","ME","FEMALE"
"2108","SD","MALE"
"2109","MD","FEMALE"
"2110","MA","MALE"
"2111","ND","MALE"
"2112","IA","FEMALE"
"2113","MS","MALE"
"2114","AL","FEMALE"
"2115","SD","FEMALE"
"2116","VT","MALE"
"2117","PR","FEMALE"
"2118","MH","MALE"
"2119","DE","MALE"
"2120","MA","MALE"
"2121","PR","FEMALE"
"2122","VI","FEMALE"
"2123","DC","FEMALE"
"2124","PA","MALE"
"2125","NJ","FEMALE"
"2126","ND","FEMALE"
"2127","ND","FEMALE"
"2128","MI","MALE"
"2129","MD","FEMALE"
"2130","NE","FEMALE"
"2131","NY","FEMALE"
"2132","CT","MALE"
"2133","OR","FEMALE"
"2134","CA","FEMALE"
"2135","PA","MALE"
"2136","IA","FEMALE"
"2137","NJ","FEMALE"
"2138","TN","FEMALE"
"2139","AL","MALE"
"2140","CA","FEMALE"
"2141","NM","FEMALE"
"2142","LA","FEMALE"
"2143","FM","MALE"
"2144","FL","FEMALE"
"2145","OH","FEMALE"
"2146","CA","MALE"
"2147","MH","FEMALE"
"2148","SC","MALE"
"2149","UT","FEMALE"
"2150","IN","MALE"
"2151","OR","FEMALE"
"2152","ME","MALE"
"2153","LA","MALE"
"2154","CT","MALE"
"2155","MO","MALE"
"2156","MO","MALE"
"2157","MA","FEMALE"
"2158","IA","FEMALE"
"2159","FM","FEMALE"
"2160","VA","FEMALE"
"2161","CO","MALE"
"2162","WV","MALE"
"2163","NH","FEMALE"
"2164","UT","MALE"
"2165","RI","MALE"
"2166","ID","MALE"
"2167","IN","MALE"
"2168","NM","FEMALE"
"2169","AL","FEMALE"
"2170","SC","MALE"
"2171","AS","FEMALE"
"2172","MN","FEMALE"
"2173","MT","MALE"
"2174","FL","FEMALE"
"2175","CO","MALE"
"2176","SC","MALE"
"2177","HI","FEMALE"
"2178","FM","MALE"
"2179","WV","FEMALE"
"2180","NY","FEMALE"
"2181","CO","FEMALE"
"2182","AL","FEMALE"
"2183","MO","MALE"
"2184","PA","FEMALE"
"2185","DE","MALE"
"2186","RI","MALE"
"2187","PR","MALE"
"2188","AZ","FEMALE"
"2189","PR","MALE"
"2190","AZ","FEMALE"
"2191","KS","FEMALE"
"2192","AS","FEMALE"
"2193","CA","MALE"
"2194","NJ","FEMALE"
"2195","KY","FEMALE"
"2196","VA","FEMALE"
"2197","AK","MALE"
"2198","WI","FEMALE"
"2199","TX","MALE"
"2200","MS","FEMALE"
"2201","MI","FEMALE"
"2202","MO","MALE"
"2203","NC","FEMALE"
"2204","GU","MALE"
"2205","WI","MALE"
"2206","WV","MALE"
"2207","VA","FEMALE"
"2208","CO","MALE"
"2209","AZ","MALE"
"2210","KS","MALE"
"2211","MA","FEMALE"
"2212","GA","FEMALE"
"2213","AZ","MALE"
"2214","VT","MALE"
"2215","NV","MALE"
"2216","IA","MALE"
"2217","AZ","FEMALE"
"2218","DC","MALE"
"2219","IN","MALE"
"2220","WI","FEMALE"
"2221","NE","MALE"
"2222","SC","FEMALE"
"2223","KY","FEMALE"
"2224","DC","MALE"
"2225","KS","MALE"
"2226","ID","FEMALE"
"2227","KY","FEMALE"
"2228","VT","MALE"
"2229","IL","FEMALE"
"2230","MP","MALE"
"2231","RI","MALE"
"2232","FL","FEMALE"
"2233","NY","FEMALE"
"2234","HI","FEMALE"
"2235","NC","MALE"
"2236","WI","MALE"
"2237","HI","FEMALE"
"2238","MT","FEMALE"
"2239","ID","MALE"
"2240","MS","MALE"
"2241","PW","FEMALE"
"2242","MO","FEMALE"
"2243","RI","MALE"
"2244","LA","FEMALE"
"2245","IA","FEMALE"
"2246","OK","MALE"
"2247","LA","FEMALE"
"2248","PR","MALE"
"2249","GA","FEMALE"
"2250","NC","FEMALE"
"2251","AR","FEMALE"
"2252","DC","MALE"
"2253","NC","MALE"
"2254","ND","MALE"
"2255","DC","MALE"
"2256","IA","MALE"
"2257","MI","MALE"
"2258","MA","MALE"
"2259","MO","FEMALE"
"2260","DC","MALE"
"2261","OK","MALE"
"2262","AR","FEMALE"
"2263","IL","MALE"
"2264","AS","MALE"
"2265","CT","MALE"
"2266","DC","MALE"
"2267","MN","MALE"
"2268","ID","MALE"
"2269","SC","MALE"
"2270","NY","FEMALE"
"2271","OH","FEMALE"
"2272","KY","FEMALE"
"2273","ND","FEMALE"
"2274","KS","FEMALE"
"2275","OH","MALE"
"2276","NM","MALE"
"2277","AL","FEMALE"
"2278","TX","FEMALE"
"2279","GU","FEMALE"
"2280","FM","MALE"
"2281","KS","FEMALE"
"2282","WY","FEMALE"
"2283","CA","MALE"
"2284","KS","FEMALE"
"2285","MI","FEMALE"
"2286","TN","MALE"
"2287","CT","FEMALE"
"2288","WV","MALE"
"2289","WI","MALE"
"2290","PR","MALE"
"2291","ME","FEMALE"
"2292","NV","MALE"
"2293","MT","FEMALE"
"2294","ID","MALE"
"2295","VT","MALE"
"2296","DC","FEMALE"
"2297","RI","MALE"
"2298","MN","FEMALE"
"2299","PA","MALE"
"2300","RI","MALE"
"2301","MT","FEMALE"
"2302","CT","MALE"
"2303","KS","FEMALE"
"2304","WY","MALE"
"2305","AR","MALE"
"2306","FM","FEMALE"
"2307","AL","FEMALE"
"2308","HI","MALE"
"2309","VT","MALE"
"2310","AS","FEMALE"
"2311","WV","FEMALE"
"2312","ID","MALE"
"2313","HI","MALE"
"2314","NM","FEMALE"
"2315","UT","FEMALE"
"2316","ND","FEMALE"
"2317","GA","MALE"
"2318","VA","MALE"
"2319","FL","FEMALE"
"2320","FL","MALE"
"2321","WV","FEMALE"
"2322","NC","FEMALE"
"2323","IA","MALE"
"2324","DC","MALE"
"2325","MN","FEMALE"
"2326","NJ","FEMALE"
"2327","FL","MALE"
"2328","ND","FEMALE"
"2329","MA","FEMALE"
"2330","NC","FEMALE"
"2331","DE","FEMALE"
"2332","FL","MALE"
"2333","MP","FEMALE"
"2334","MD","FEMALE"
"2335","FM","MALE"
"2336","TN","MALE"
"2337","MD","MALE"
"2338","AK","MALE"
"2339","IN","MALE"
"2340","TN","FEMALE"
"2341","NE","MALE"
"2342","VA","FEMALE"
"2343","MA","FEMALE"
"2344","SC","MALE"
"2345","DC","MALE"
"2346","DC","MALE"
"2347","CO","MALE"
"2348","PR","MALE"
"2349","GA","FEMALE"
"2350","NV","MALE"
"2351","MT","MALE"
"2352","OH","MALE"
"2353","NY","FEMALE"
"2354","DC","MALE"
"2355","TN","FEMALE"
"2356","NM","FEMALE"
"2357","MN","MALE"
"2358","ME","FEMALE"
"2359","PW","MALE"
"2360","TN","FEMALE"
"2361","AR","FEMALE"
"2362","MT","MALE"
"2363","CT","MALE"
"2364","MP","MALE"
"2365","DC","FEMALE"
"2366","SC","FEMALE"
"2367","RI","MALE"
"2368","AZ","FEMALE"
"2369","AR","FEMALE"
"2370","ND","MALE"
"2371","AZ","MALE"
"2372","MO","FEMALE"
"2373","FL","MALE"
"2374","TN","MALE"
"2375","VI","MALE"
"2376","MP","FEMALE"
"2377","OR","MALE"
"2378","KY","FEMALE"
"2379","OR","MALE"
"2380","MO","FEMALE"
"2381","KY","FEMALE"
"2382","AL","FEMALE"
"2383","CO","MALE"
"2384","HI","MALE"
"2385","OR","FEMALE"
"2386","CT","FEMALE"
"2387","VT","FEMALE"
"2388","OK","FEMALE"
"2389","RI","FEMALE"
"2390","NY","MALE"
"2391","MN","FEMALE"
"2392","MS","FEMALE"
"2393","NC","FEMALE"
"2394","MT","FEMALE"
"2395","NJ","FEMALE"
"2396","WY","FEMALE"
"2397","VT","FEMALE"
"2398","MT","FEMALE"
"2399","AZ","MALE"
"2400","GA","FEMALE"
"2401","NV","FEMALE"
"2402","TN","MALE"
"2403","MS","FEMALE"
"2404","CO","FEMALE"
"2405","GA","MALE"
"2406","PW","FEMALE"
"2407","OR","MALE"
"2408","IN","MALE"
"2409","OK","MALE"
"2410","IL","FEMALE"
"2411","PR","MALE"
"2412","OR","FEMALE"
"2413","FL","FEMALE"
"2414","SC","FEMALE"
"2415","NV","MALE"
"2416","MN","FEMALE"
"2417","OK","FEMALE"
"2418","FL","MALE"
"2419","WY","MALE"
"2420","NJ","FEMALE"
"2421","PW","FEMALE"
"2422","IL","MALE"
"2423","MO","FEMALE"
"2424","NC","FEMALE"
"2425","FM","MALE"
"2426","VT","FEMALE"
"2427","SD","MALE"
"2428","FM","MALE"
"2429","TN","FEMALE"
"2430","MA","MALE"
"2431","FM","FEMALE"
"2432","OR","FEMALE"
"2433","MD","MALE"
"2434","NJ","FEMALE"
"2435","NJ","FEMALE"
"2436","IL","FEMALE"
"2437","MA","FEMALE"
"2438","NY","FEMALE"
"2439","DE","FEMALE"
"2440","PW","MALE"
"2441","AZ","FEMALE"
"2442","ID","MALE"
"2443","OR","MALE"
"2444","ND","MALE"
"2445","MN","MALE"
"2446","ME","MALE"
"2447","MN","MALE"
"2448","OH","FEMALE"
"2449","ID","FEMALE"
"2450","ND","FEMALE"
"2451","DC","MALE"
"2452","VA","MALE"
"2453","NJ","FEMALE"
"2454","MT","FEMALE"
"2455","NH","MALE"
"2456","VT","FEMALE"
"2457","NM","FEMALE"
"2458","UT","MALE"
"2459","MO","MALE"
"2460","AR","FEMALE"
"2461","AR","FEMALE"
"2462","DC","MALE"
"2463","WV","MALE"
"2464","ME","FEMALE"
"2465","GA","FEMALE"
"2466","WY","MALE"
"2467","UT","MALE"
"2468","ME","FEMALE"
"2469","RI","FEMALE"
"2470","VI","FEMALE"
"2471","MD","MALE"
"2472","CO","FEMALE"
"2473","VT","MALE"
"2474","IA","MALE"
"2475","ND","MALE"
"2476","TN","FEMALE"
"2477","CT","MALE"
"2478","MS","FEMALE"
"2479","ID","MALE"
"2480","WV","MALE"
"2481","CT","FEMALE"
"2482","MD","FEMALE"
"2483","KS","MALE"
"2484","FM","MALE"
"2485","OK","MALE"
"2486","NM","MALE"
"2487","NM","FEMALE"
"2488","MS","FEMALE"
"2489","OR","FEMALE"
"2490","IL","MALE"
"2491","MO","MALE"
"2492","NV","FEMALE"
"2493","FM","MALE"
"2494","MT","FEMALE"
"2495","MA","MALE"
"2496","WV","MALE"
"2497","MI","MALE"
"2498","MD","MALE"
"2499","AS","MALE"
"2500","RI","FEMALE"
"2501","MT","MALE"
"2502","MI","MALE"
"2503","UT","FEMALE"
"2504","SC","FEMALE"
"2505","TN","MALE"
"2506","IL","MALE"
"2507","TN","FEMALE"
"2508","WV","FEMALE"
"2509","MH","MALE"
"2510","TN","FEMALE"
"2511","AS","FEMALE"
"2512","MI","MALE"
"2513","NY","FEMALE"
"2514","CT","FEMALE"
"2515","FM","FEMALE"
"2516","OH","FEMALE"
"2517","AS","MALE"
"2518","FL","FEMALE"
"2519","RI","FEMALE"
"2520","GU","MALE"
"2521","VA","FEMALE"
"2522","GU","MALE"
"2523","WA","MALE"
"2524","SC","MALE"
"2525","MA","MALE"
"2526","ID","MALE"
"2527","MD","MALE"
"2528","OR","FEMALE"
"2529","KY","MALE"
"2530","OR","MALE"
"2531","FL","MALE"
"2532","GA","FEMALE"
"2533","MH","FEMALE"
"2534","HI","MALE"
"2535","IN","FEMALE"
"2536","IA","MALE"
"2537","NE","FEMALE"
"2538","DE","FEMALE"
"2539","MO","FEMALE"
"2540","NE","MALE"
"2541","NH","FEMALE"
"2542","CT","MALE"
"2543","SC","FEMALE"
"2544","SD","MALE"
"2545","NV","MALE"
"2546","MI","MALE"
"2547","OK","FEMALE"
"2548","NM","MALE"
"2549","PR","FEMALE"
"2550","ID","MALE"
"2551","OK","MALE"
"2552","PW","FEMALE"
"2553","MO","MALE"
"2554","VI","MALE"
"2555","ID","FEMALE"
"2556","MD","MALE"
"2557","NC","FEMALE"
"2558","HI","FEMALE"
"2559","AS","MALE"
"2560","OK","MALE"
"2561","VA","FEMALE"
"2562","MN","FEMALE"
"2563","OR","MALE"
"2564","GU","MALE"
"2565","CT","FEMALE"
"2566","OH","MALE"
"2567","LA","FEMALE"
"2568","GA","FEMALE"
"2569","KS","FEMALE"
"2570","OR","MALE"
"2571","PW","MALE"
"2572","VI","MALE"
"2573","NC","FEMALE"
"2574","AR","MALE"
"2575","AR","MALE"
"2576","PR","MALE"
"2577","TN","MALE"
"2578","AZ","FEMALE"
"2579","MI","MALE"
"2580","MI","MALE"
"2581","MO","FEMALE"
"2582","DE","FEMALE"
"2583","IA","FEMALE"
"2584","DC","MALE"
"2585","MO","FEMALE"
"2586","MI","FEMALE"
"2587","ID","FEMALE"
"2588","AZ","FEMALE"
"2589","MH","FEMALE"
"2590","SC","FEMALE"
"2591","AZ","FEMALE"
"2592","WI","MALE"
"2593","TN","FEMALE"
"2594","IA","FEMALE"
"2595","NE","FEMALE"
"2596","TX","MALE"
"2597","TN","FEMALE"
"2598","ME","MALE"
"2599","MP","FEMALE"
"2600","IA","MALE"
"2601","KY","MALE"
"2602","VI","MALE"
"2603","AK","MALE"
"2604","NM","MALE"
"2605","AL","MALE"
"2606","WI","MALE"
"2607","VA","MALE"
"2608","SC","MALE"
"2609","AS","FEMALE"
"2610","VA","MALE"
"2611","MI","FEMALE"
"2612","KY","FEMALE"
"2613","IL","MALE"
"2614","MN","MALE"
"2615","UT","FEMALE"
"2616","IA","MALE"
"2617","MP","FEMALE"
"2618","KY","FEMALE"
"2619","DE","MALE"
"2620","WA","MALE"
"2621","MH","MALE"
"2622","HI","MALE"
"2623","ME","FEMALE"
"2624","WV","FEMALE"
"2625","CO","MALE"
"2626","ME","FEMALE"
"2627","NH","MALE"
"2628","TN","MALE"
"2629","TN","FEMALE"
"2630","MI","FEMALE"
"2631","CO","MALE"
"2632","MD","MALE"
"2633","UT","FEMALE"
"2634","SD","FEMALE"
"2635","IA","FEMALE"
"2636","AS","FEMALE"
"2637","AS","FEMALE"
"2638","NY","FEMALE"
"2639","LA","FEMALE"
"2640","ID","MALE"
"2641","DC","MALE"
"2642","MA","FEMALE"
"2643","HI","FEMALE"
"2644","WI","MALE"
"2645","WI","FEMALE"
"2646","AZ","FEMALE"
"2647","LA","FEMALE"
"2648","AZ","MALE"
"2649","MS","MALE"
"2650","MA","MALE"
"2651","CA","FEMALE"
"2652","PA","MALE"
"2653","AL","MALE"
"2654","MA","FEMALE"
"2655","MS","MALE"
"2656","SD","MALE"
"2657","IA","MALE"
"2658","CT","FEMALE"
"2659","PA","MALE"
"2660","KS","FEMALE"
"2661","NJ","FEMALE"
"2662","NJ","MALE"
"2663","CO","MALE"
"2664","MS","MALE"
"2665","SC","FEMALE"
"2666","AZ","MALE"
"2667","OK","MALE"
"2668","WA","MALE"
"2669","NY","MALE"
"2670","NE","MALE"
"2671","VI","MALE"
"2672","PW","FEMALE"
"2673","AZ","FEMALE"
"2674","NH","FEMALE"
"2675","MI","MALE"
"2676","NH","MALE"
"2677","LA","MALE"
"2678","PW","FEMALE"
"2679","IN","MALE"
"2680","SC","MALE"
"2681","OK","FEMALE"
"2682","WA","MALE"
"2683","VT","MALE"
"2684","AR","MALE"
"2685","NE","MALE"
"2686","MN","MALE"
"2687","MS","MALE"
"2688","WY","FEMALE"
"2689","VI","MALE"
"2690","ID","FEMALE"
"2691","SC","FEMALE"
"2692","TX","FEMALE"
"2693","UT","FEMALE"
"2694","CA","MALE"
"2695","SC","MALE"
"2696","HI","FEMALE"
"2697","VT","MALE"
"2698","VI","FEMALE"
"2699","VT","MALE"
"2700","AS","MALE"
"2701","DE","MALE"
"2702","GU","MALE"
"2703","AK","MALE"
"2704","NY","FEMALE"
"2705","UT","FEMALE"
"2706","MD","MALE"
"2707","PA","MALE"
"2708","MP","FEMALE"
"2709","PW","FEMALE"
"2710","MS","FEMALE"
"2711","VA","FEMALE"
"2712","WA","FEMALE"
"2713","MI","MALE"
"2714","NJ","FEMALE"
"2715","SC","FEMALE"
"2716","IN","MALE"
"2717","NH","MALE"
"2718","ME","FEMALE"
"2719","FM","FEMALE"
"2720","MH","FEMALE"
"2721","VI","FEMALE"
"2722","MH","MALE"
"2723","WY","MALE"
"2724","VA","FEMALE"
"2725","MI","MALE"
"2726","DE","FEMALE"
"2727","NC","FEMALE"
"2728","OH","MALE"
"2729","PR","MALE"
"2730","ME","FEMALE"
"2731","ID","FEMALE"
"2732","VT","MALE"
"2733","VI","FEMALE"
"2734","KS","FEMALE"
"2735","OK","FEMALE"
"2736","OH","FEMALE"
"2737","AL","MALE"
"2738","VI","MALE"
"2739","WV","FEMALE"
"2740","SC","FEMALE"
"2741","IN","MALE"
"2742","PA","FEMALE"
"2743","MO","MALE"
"2744","TX","MALE"
"2745","CT","MALE"
"2746","WY","MALE"
"2747","IA","FEMALE"
"2748","NH","MALE"
"2749","GU","FEMALE"
"2750","AR","FEMALE"
"2751","ID","MALE"
"2752","NM","MALE"
"2753","RI","MALE"
"2754","OH","FEMALE"
"2755","MN","MALE"
"2756","HI","FEMALE"
"2757","IN","MALE"
"2758","WV","FEMALE"
"2759","MS","FEMALE"
"2760","WY","FEMALE"
"2761","PW","MALE"
"2762","KS","FEMALE"
"2763","OK","MALE"
"2764","ID","MALE"
"2765","MS","MALE"
"2766","PA","MALE"
"2767","CA","FEMALE"
"2768","ME","MALE"
"2769","VI","FEMALE"
"2770","NJ","MALE"
"2771","NJ","MALE"
"2772","GA","MALE"
"2773","WV","FEMALE"
"2774","VA","FEMALE"
"2775","MT","FEMALE"
"2776","MH","MALE"
"2777","WV","MALE"
"2778","FL","MALE"
"2779","VT","MALE"
"2780","MT","MALE"
"2781","OR","FEMALE"
"2782","WI","MALE"
"2783","MO","FEMALE"
"2784","MS","FEMALE"
"2785","PR","FEMALE"
"2786","CO","MALE"
"2787","VI","MALE"
"2788","GA","FEMALE"
"2789","NC","FEMALE"
"2790","MT","FEMALE"
"2791","MA","MALE"
"2792","VI","MALE"
"2793","AL","MALE"
"2794","PR","MALE"
"2795","SC","MALE"
"2796","ND","FEMALE"
"2797","OR","MALE"
"2798","UT","FEMALE"
"2799","CO","MALE"
"2800","HI","MALE"
"2801","WA","FEMALE"
"2802","MI","MALE"
"2803","OK","FEMALE"
"2804","FM","FEMALE"
"2805","MS","FEMALE"
"2806","WA","MALE"
"2807","IA","MALE"
"2808","SC","MALE"
"2809","NE","MALE"
"2810","AZ","FEMALE"
"2811","AR","MALE"
"2812","NH","FEMALE"
"2813","MS","FEMALE"
"2814","FM","FEMALE"
"2815","MN","FEMALE"
"2816","PW","MALE"
"2817","VA","FEMALE"
"2818","ME","MALE"
"2819","AR","MALE"
"2820","KY","MALE"
"2821","WA","FEMALE"
"2822","KS","MALE"
"2823","VI","MALE"
"2824","FL","MALE"
"2825","NY","FEMALE"
"2826","NJ","FEMALE"
"2827","PR","FEMALE"
"2828","DE","FEMALE"
"2829","PA","MALE"
"2830","MP","FEMALE"
"2831","SD","MALE"
"2832","WY","MALE"
"2833","IN","MALE"
"2834","GU","MALE"
"2835","KS","FEMALE"
"2836","SD","FEMALE"
"2837","WI","MALE"
"2838","WV","MALE"
"2839","KS","FEMALE"
"2840","AK","MALE"
"2841","OK","MALE"
"2842","CA","MALE"
"2843","MD","FEMALE"
"2844","PR","FEMALE"
"2845","VA","MALE"
"2846","MN","MALE"
"2847","HI","FEMALE"
"2848","IN","MALE"
"2849","ME","MALE"
"2850","AZ","FEMALE"
"2851","WV","FEMALE"
"2852","AZ","MALE"
"2853","NE","MALE"
"2854","AZ","MALE"
"2855","NM","MALE"
"2856","LA","FEMALE"
"2857","CO","MALE"
"2858","AK","MALE"
"2859","ID","FEMALE"
"2860","TN","MALE"
"2861","NV","FEMALE"
"2862","MS","MALE"
"2863","AK","FEMALE"
"2864","NJ","FEMALE"
"2865","NH","MALE"
"2866","MP","MALE"
"2867","PR","MALE"
"2868","DE","MALE"
"2869","KS","FEMALE"
"2870","MA","MALE"
"2871","NM","MALE"
"2872","GU","MALE"
"2873","CO","FEMALE"
"2874","MP","MALE"
"2875","UT","MALE"
"2876","DE","MALE"
"2877","WV","FEMALE"
"2878","MH","FEMALE"
"2879","NJ","MALE"
"2880","AS","MALE"
"2881","NJ","MALE"
"2882","AS","FEMALE"
"2883","WA","FEMALE"
"2884","HI","FEMALE"
"2885","LA","FEMALE"
"2886","CO","FEMALE"
"2887","FM","MALE"
"2888","IL","MALE"
"2889","GA","MALE"
"2890","NM","FEMALE"
"2891","AK","FEMALE"
"2892","TN","MALE"
"2893","PW","FEMALE"
"2894","IL","FEMALE"
"2895","OR","FEMALE"
"2896","VI","FEMALE"
"2897","FL","FEMALE"
"2898","SC","MALE"
"2899","VT","FEMALE"
"2900","AR","MALE"
"2901","MT","FEMALE"
"2902","FL","FEMALE"
"2903","SC","MALE"
"2904","AL","FEMALE"
"2905","NV","MALE"
"2906","NH","MALE"
"2907","MP","MALE"
"2908","FM","FEMALE"
"2909","OK","MALE"
"2910","WA","MALE"
"2911","NJ","MALE"
"2912","CO","FEMALE"
"2913","WI","MALE"
"2914","OK","MALE"
"2915","MI","FEMALE"
"2916","GA","MALE"
"2917","WY","MALE"
"2918","AZ","MALE"
"2919","NJ","FEMALE"
"2920","IL","FEMALE"
"2921","FL","MALE"
"2922","NM","FEMALE"
"2923","FM","FEMALE"
"2924","MT","MALE"
"2925","CA","MALE"
"2926","IA","FEMALE"
"2927","TX","MALE"
"2928","PR","FEMALE"
"2929","GA","FEMALE"
"2930","ID","MALE"
"2931","MP","MALE"
"2932","IL","FEMALE"
"2933","PA","FEMALE"
"2934","IA","FEMALE"
"2935","VA","MALE"
"2936","MT","MALE"
"2937","MH","MALE"
"2938","WV","FEMALE"
"2939","OR","FEMALE"
"2940","MO","FEMALE"
"2941","WV","FEMALE"
"2942","DC","MALE"
"2943","ND","MALE"
"2944","MH","FEMALE"
"2945","DC","MALE"
"2946","GU","MALE"
"2947","MH","FEMALE"
"2948","GU","MALE"
"2949","VT","FEMALE"
"2950","NY","FEMALE"
"2951","ID","MALE"
"2952","FL","MALE"
"2953","VI","MALE"
"2954","NH","FEMALE"
"2955","NY","FEMALE"
"2956","AR","MALE"
"2957","DC","MALE"
"2958","TX","MALE"
"2959","MH","MALE"
"2960","CA","MALE"
"2961","MH","MALE"
"2962","TX","FEMALE"
"2963","CA","MALE"
"2964","WV","FEMALE"
"2965","VT","MALE"
"2966","AL","MALE"
"2967","GA","MALE"
"2968","AL","FEMALE"
"2969","ND","FEMALE"
"2970","NM","FEMALE"
"2971","SD","MALE"
"2972","MS","FEMALE"
"2973","GA","FEMALE"
"2974","CA","FEMALE"
"2975","NJ","MALE"
"2976","VI","FEMALE"
"2977","VT","MALE"
"2978","MT","FEMALE"
"2979","TN","FEMALE"
"2980","AK","FEMALE"
"2981","NV","FEMALE"
"2982","MD","MALE"
"2983","CO","MALE"
"2984","LA","FEMALE"
"2985","MD","FEMALE"
"2986","ID","FEMALE"
"2987","OR","FEMALE"
"2988","FM","MALE"
"2989","ID","MALE"
"2990","MD","MALE"
"2991","NC","FEMALE"
"2992","MA","FEMALE"
"2993","WV","FEMALE"
"2994","RI","FEMALE"
"2995","KY","MALE"
"2996","MH","FEMALE"
"2997","IL","FEMALE"
"2998","FL","FEMALE"
"2999","AL","FEMALE"
"3000","VT","MALE"
"3001","WA","FEMALE"
"3002","ID","FEMALE"
"3003","IA","FEMALE"
"3004","TN","MALE"
"3005","MA","MALE"
"3006","SC","MALE"
"3007","WI","FEMALE"
"3008","PW","FEMALE"
"3009","FM","MALE"
"3010","NC","MALE"
"3011","GA","FEMALE"
"3012","LA","FEMALE"
"3013","NH","MALE"
"3014","DE","FEMALE"
"3015","MO","MALE"
"3016","WI","FEMALE"
"3017","FM","FEMALE"
"3018","ID","MALE"
"3019","WI","FEMALE"
"3020","NH","FEMALE"
"3021","DE","FEMALE"
"3022","MD","FEMALE"
"3023","MT","MALE"
"3024","AK","FEMALE"
"3025","NY","FEMALE"
"3026","IL","FEMALE"
"3027","TN","FEMALE"
"3028","VT","MALE"
"3029","ME","FEMALE"
"3030","LA","FEMALE"
"3031","GU","MALE"
"3032","LA","MALE"
"3033","ME","MALE"
"3034","AZ","FEMALE"
"3035","FM","FEMALE"
"3036","ND","FEMALE"
"3037","NE","FEMALE"
"3038","NM","MALE"
"3039","AR","FEMALE"
"3040","PR","MALE"
"3041","CO","MALE"
"3042","OK","MALE"
"3043","IN","MALE"
"3044","PW","MALE"
"3045","FL","FEMALE"
"3046","NY","FEMALE"
"3047","MO","FEMALE"
"3048","AR","MALE"
"3049","AZ","FEMALE"
"3050","PA","MALE"
"3051","IN","MALE"
"3052","MO","FEMALE"
"3053","NV","MALE"
"3054","MP","MALE"
"3055","GU","MALE"
"3056","NY","MALE"
"3057","GU","FEMALE"
"3058","TX","FEMALE"
"3059","PW","FEMALE"
"3060","AR","FEMALE"
"3061","NH","MALE"
"3062","TN","FEMALE"
"3063","KS","MALE"
"3064","MO","FEMALE"
"3065","WY","MALE"
"3066","VT","MALE"
"3067","KY","MALE"
"3068","ID","FEMALE"
"3069","DE","MALE"
"3070","ME","FEMALE"
"3071","NV","FEMALE"
"3072","NY","MALE"
"3073","MT","FEMALE"
"3074","WY","MALE"
"3075","WY","MALE"
"3076","VT","MALE"
"3077","PA","FEMALE"
"3078","NM","FEMALE"
"3079","PR","MALE"
"3080","VA","FEMALE"
"3081","VT","FEMALE"
"3082","PR","FEMALE"
"3083","MD","FEMALE"
"3084","NM","MALE"
"3085","AL","FEMALE"
"3086","GU","MALE"
"3087","IN","FEMALE"
"3088","FL","FEMALE"
"3089","KS","FEMALE"
"3090","MS","MALE"
"3091","VI","MALE"
"3092","ND","FEMALE"
"3093","PR","MALE"
"3094","TN","MALE"
"3095","WI","MALE"
"3096","NM","MALE"
"3097","FM","MALE"
"3098","ME","MALE"
"3099","NM","MALE"
"3100","SC","FEMALE"
"3101","MN","FEMALE"
"3102","NY","FEMALE"
"3103","FM","MALE"
"3104","VT","MALE"
"3105","FM","MALE"
"3106","VT","MALE"
"3107","MT","MALE"
"3108","WI","FEMALE"
"3109","CA","MALE"
"3110","NJ","MALE"
"3111","MO","MALE"
"3112","MT","FEMALE"
"3113","VT","FEMALE"
"3114","CA","MALE"
"3115","OK","MALE"
"3116","KY","FEMALE"
"3117","MH","FEMALE"
"3118","PW","FEMALE"
"3119","MT","FEMALE"
"3120","NV","FEMALE"
"3121","NV","MALE"
"3122","ID","MALE"
"3123","GA","MALE"
"3124","ND","MALE"
"3125","OH","MALE"
"3126","WV","FEMALE"
"3127","MS","FEMALE"
"3128","KS","MALE"
"3129","MS","FEMALE"
"3130","NC","MALE"
"3131","ME","MALE"
"3132","VA","MALE"
"3133","SD","FEMALE"
"3134","CO","FEMALE"
"3135","CO","MALE"
"3136","AZ","FEMALE"
"3137","NH","FEMALE"
"3138","WV","MALE"
"3139","VA","FEMALE"
"3140","NE","FEMALE"
"3141","SC","MALE"
"3142","TX","FEMALE"
"3143","NM","FEMALE"
"3144","VI","FEMALE"
"3145","CT","FEMALE"
"3146","OK","MALE"
"3147","NJ","FEMALE"
"3148","MP","MALE"
"3149","VA","MALE"
"3150","NY","MALE"
"3151","AR","FEMALE"
"3152","VI","FEMALE"
"3153","VA","FEMALE"
"3154","OK","FEMALE"
"3155","MN","FEMALE"
"3156","ID","MALE"
"3157","MN","MALE"
"3158","NY","MALE"
"3159","OH","MALE"
"3160","RI","FEMALE"
"3161","KY","MALE"
"3162","MO","MALE"
"3163","WA","MALE"
"3164","WY","MALE"
"3165","VI","MALE"
"3166","TX","MALE"
"3167","MA","FEMALE"
"3168","CT","MALE"
"3169","WA","FEMALE"
"3170","OH","MALE"
"3171","SC","MALE"
"3172","TN","FEMALE"
"3173","MD","MALE"
"3174","OH","MALE"
"3175","NJ","FEMALE"
"3176","NM","FEMALE"
"3177","MI","FEMALE"
"3178","SC","FEMALE"
"3179","MH","FEMALE"
"3180","VA","FEMALE"
"3181","DC","FEMALE"
"3182","UT","MALE"
"3183","AR","MALE"
"3184","GU","FEMALE"
"3185","GU","MALE"
"3186","WY","MALE"
"3187","DC","FEMALE"
"3188","IN","MALE"
"3189","ME","MALE"
"3190","WA","FEMALE"
"3191","AL","MALE"
"3192","OR","FEMALE"
"3193","CA","FEMALE"
"3194","VA","FEMALE"
"3195","ME","FEMALE"
"3196","IL","FEMALE"
"3197","IL","MALE"
"3198","VT","FEMALE"
"3199","ME","FEMALE"
"3200","PW","FEMALE"
"3201","ID","FEMALE"
"3202","KY","FEMALE"
"3203","UT","MALE"
"3204","AK","MALE"
"3205","MD","MALE"
"3206","VT","MALE"
"3207","OR","FEMALE"
"3208","SD","MALE"
"3209","IA","MALE"
"3210","CA","MALE"
"3211","AR","FEMALE"
"3212","CA","FEMALE"
"3213","WI","FEMALE"
"3214","KY","FEMALE"
"3215","VA","MALE"
"3216","IN","MALE"
"3217","MS","FEMALE"
"3218","KS","FEMALE"
"3219","MP","FEMALE"
"3220","AK","FEMALE"
"3221","OH","MALE"
"3222","FM","FEMALE"
"3223","PR","MALE"
"3224","WI","FEMALE"
"3225","HI","MALE"
"3226","WI","MALE"
"3227","GU","FEMALE"
"3228","AL","MALE"
"3229","MI","FEMALE"
"3230","IL","FEMALE"
"3231","CT","FEMALE"
"3232","DC","MALE"
"3233","AR","MALE"
"3234","VT","MALE"
"3235","LA","MALE"
"3236","FM","FEMALE"
"3237","VT","MALE"
"3238","IA","FEMALE"
"3239","KS","MALE"
"3240","NV","FEMALE"
"3241","PW","FEMALE"
"3242","NJ","FEMALE"
"3243","WY","FEMALE"
"3244","NH","MALE"
"3245","OR","FEMALE"
"3246","MI","MALE"
"3247","ID","FEMALE"
"3248","RI","FEMALE"
"3249","OR","MALE"
"3250","PW","FEMALE"
"3251","PR","MALE"
"3252","PA","FEMALE"
"3253","AR","FEMALE"
"3254","HI","MALE"
"3255","PR","MALE"
"3256","NC","MALE"
"3257","MH","MALE"
"3258","WV","MALE"
"3259","DE","FEMALE"
"3260","MD","MALE"
"3261","MN","FEMALE"
"3262","RI","FEMALE"
"3263","WY","FEMALE"
"3264","ME","FEMALE"
"3265","NJ","MALE"
"3266","DC","MALE"
"3267","OK","FEMALE"
"3268","CT","MALE"
"3269","CT","FEMALE"
"3270","AL","FEMALE"
"3271","MH","FEMALE"
"3272","NV","FEMALE"
"3273","WA","FEMALE"
"3274","MA","MALE"
"3275","DE","FEMALE"
"3276","SD","FEMALE"
"3277","IN","FEMALE"
"3278","IL","FEMALE"
"3279","NM","MALE"
"3280","MN","FEMALE"
"3281","NC","FEMALE"
"3282","WV","MALE"
"3283","MD","FEMALE"
"3284","FL","MALE"
"3285","PA","FEMALE"
"3286","NH","FEMALE"
"3287","DC","FEMALE"
"3288","PW","FEMALE"
"3289","AR","MALE"
"3290","AK","MALE"
"3291","WA","FEMALE"
"3292","MH","MALE"
"3293","PA","MALE"
"3294","MI","FEMALE"
"3295","IL","MALE"
"3296","NC","FEMALE"
"3297","HI","MALE"
"3298","OK","MALE"
"3299","MS","MALE"
"3300","PR","MALE"
"3301","AS","MALE"
"3302","GU","MALE"
"3303","MI","FEMALE"
"3304","PW","MALE"
"3305","SD","FEMALE"
"3306","IL","MALE"
"3307","TX","FEMALE"
"3308","MD","MALE"
"3309","AS","MALE"
"3310","MD","MALE"
"3311","KS","MALE"
"3312","PR","FEMALE"
"3313","MD","MALE"
"3314","NE","MALE"
"3315","CT","FEMALE"
"3316","NE","FEMALE"
"3317","MN","FEMALE"
"3318","KS","MALE"
"3319","FM","FEMALE"
"3320","ID","FEMALE"
"3321","FL","MALE"
"3322","AL","MALE"
"3323","WY","MALE"
"3324","PR","FEMALE"
"3325","WA","MALE"
"3326","NY","FEMALE"
"3327","NJ","FEMALE"
"3328","RI","MALE"
"3329","DE","MALE"
"3330","WY","FEMALE"
"3331","WA","FEMALE"
"3332","SC","MALE"
"3333","IL","FEMALE"
"3334","IN","MALE"
"3335","WY","MALE"
"3336","OK","MALE"
"3337","WV","MALE"
"3338","PA","FEMALE"
"3339","NJ","FEMALE"
"3340","VI","MALE"
"3341","MT","FEMALE"
"3342","IN","MALE"
"3343","UT","MALE"
"3344","NM","MALE"
"3345","IN","FEMALE"
"3346","UT","MALE"
"3347","CA","MALE"
"3348","IL","MALE"
"3349","TX","FEMALE"
"3350","UT","MALE"
"3351","FM","MALE"
"3352","DE","FEMALE"
"3353","MO","FEMALE"
"3354","TX","MALE"
"3355","NM","FEMALE"
"3356","TN","MALE"
"3357","LA","MALE"
"3358","LA","MALE"
"3359","PR","MALE"
"3360","OR","MALE"
"3361","PW","MALE"
"3362","WA","FEMALE"
"3363","AR","FEMALE"
"3364","GU","FEMALE"
"3365","DC","FEMALE"
"3366","DE","MALE"
"3367","GA","FEMALE"
"3368","SD","FEMALE"
"3369","VT","FEMALE"
"3370","AZ","MALE"
"3371","ME","MALE"
"3372","MD","MALE"
"3373","WA","MALE"
"3374","MA","FEMALE"
"3375","TX","FEMALE"
"3376","PA","FEMALE"
"3377","HI","FEMALE"
"3378","FM","MALE"
"3379","OH","MALE"
"3380","RI","MALE"
"3381","AR","FEMALE"
"3382","CA","MALE"
"3383","MD","MALE"
"3384","MI","MALE"
"3385","LA","FEMALE"
"3386","AK","MALE"
"3387","KY","FEMALE"
"3388","RI","MALE"
"3389","PW","MALE"
"3390","WV","MALE"
"3391","DC","MALE"
"3392","CO","MALE"
"3393","VT","FEMALE"
"3394","CA","FEMALE"
"3395","AR","FEMALE"
"3396","MT","MALE"
"3397","VT","MALE"
"3398","AZ","FEMALE"
"3399","SD","MALE"
"3400","TX","FEMALE"
"3401","LA","FEMALE"
"3402","MD","MALE"
"3403","FL","MALE"
"3404","DE","FEMALE"
"3405","IA","MALE"
"3406","WI","FEMALE"
"3407","WV","FEMALE"
"3408","MO","FEMALE"
"3409","NC","FEMALE"
"3410","AR","MALE"
"3411","PR","MALE"
"3412","ME","FEMALE"
"3413","ME","MALE"
"3414","NM","FEMALE"
"3415","NH","MALE"
"3416","HI","FEMALE"
"3417","CT","MALE"
"3418","MP","MALE"
"3419","MI","FEMALE"
"3420","GA","FEMALE"
"3421","PR","FEMALE"
"3422","AS","FEMALE"
"3423","MA","FEMALE"
"3424","OR","MALE"
"3425","WA","MALE"
"3426","CA","FEMALE"
"3427","SD","MALE"
"3428","MS","MALE"
"3429","OH","MALE"
"3430","HI","MALE"
"3431","NY","FEMALE"
"3432","FM","MALE"
"3433","PA","MALE"
"3434","NH","FEMALE"
"3435","OK","MALE"
"3436","LA","FEMALE"
"3437","MI","MALE"
"3438","CA","FEMALE"
"3439","CT","MALE"
"3440","MI","FEMALE"
"3441","MS","MALE"
"3442","KY","FEMALE"
"3443","UT","MALE"
"3444","ND","FEMALE"
"3445","VT","FEMALE"
"3446","IA","FEMALE"
"3447","WV","MALE"
"3448","NV","FEMALE"
"3449","GA","MALE"
"3450","MO","FEMALE"
"3451","NC","MALE"
"3452","KY","FEMALE"
"3453","CO","FEMALE"
"3454","WA","FEMALE"
"3455","MT","FEMALE"
"3456","MH","FEMALE"
"3457","MS","FEMALE"
"3458","AZ","MALE"
"3459","HI","FEMALE"
"3460","MD","FEMALE"
"3461","AK","MALE"
"3462","MT","MALE"
"3463","GA","FEMALE"
"3464","DE","FEMALE"
"3465","DC","FEMALE"
"3466","PW","FEMALE"
"3467","WI","FEMALE"
"3468","FL","MALE"
"3469","DC","MALE"
"3470","PW","MALE"
"3471","OK","FEMALE"
"3472","NY","FEMALE"
"3473","RI","MALE"
"3474","MN","MALE"
"3475","CA","MALE"
"3476","MD","MALE"
"3477","IL","FEMALE"
"3478","WY","MALE"
"3479","MO","MALE"
"3480","CA","FEMALE"
"3481","OH","FEMALE"
"3482","MT","MALE"
"3483","FL","MALE"
"3484","KY","MALE"
"3485","HI","FEMALE"
"3486","MD","FEMALE"
"3487","AL","MALE"
"3488","OR","MALE"
"3489","NY","FEMALE"
"3490","TX","FEMALE"
"3491","AR","MALE"
"3492","ND","FEMALE"
"3493","NC","MALE"
"3494","WY","FEMALE"
"3495","MA","FEMALE"
"3496","RI","FEMALE"
"3497","CT","FEMALE"
"3498","VA","MALE"
"3499","CA","MALE"
"3500","AS","MALE"
"3501","WY","FEMALE"
"3502","IN","FEMALE"
"3503","PW","MALE"
"3504","PA","FEMALE"
"3505","IN","MALE"
"3506","AZ","MALE"
"3507","ID","FEMALE"
"3508","DE","FEMALE"
"3509","MN","MALE"
"3510","NV","MALE"
"3511","SC","FEMALE"
"3512","TX","FEMALE"
"3513","FL","FEMALE"
"3514","MI","MALE"
"3515","SD","MALE"
"3516","MH","MALE"
"3517","WY","FEMALE"
"3518","NY","MALE"
"3519","MA","FEMALE"
"3520","ID","FEMALE"
"3521","NC","MALE"
"3522","AL","MALE"
"3523","FL","MALE"
"3524","TX","FEMALE"
"3525","ID","FEMALE"
"3526","RI","FEMALE"
"3527","OK","MALE"
"3528","NE","FEMALE"
"3529","VT","FEMALE"
"3530","SC","MALE"
"3531","NY","FEMALE"
"3532","WA","MALE"
"3533","CA","FEMALE"
"3534","ID","MALE"
"3535","KS","FEMALE"
"3536","OR","FEMALE"
"3537","MD","FEMALE"
"3538","PA","MALE"
"3539","OR","FEMALE"
"3540","IA","MALE"
"3541","NE","FEMALE"
"3542","TN","MALE"
"3543","VA","FEMALE"
"3544","TX","FEMALE"
"3545","WI","FEMALE"
"3546","OH","FEMALE"
"3547","AS","FEMALE"
"3548","FM","FEMALE"
"3549","WY","FEMALE"
"3550","ME","FEMALE"
"3551","ND","FEMALE"
"3552","TN","FEMALE"
"3553","FL","MALE"
"3554","IA","FEMALE"
"3555","IL","MALE"
"3556","IA","MALE"
"3557","DE","MALE"
"3558","NC","FEMALE"
"3559","RI","FEMALE"
"3560","VT","FEMALE"
"3561","TN","FEMALE"
"3562","UT","FEMALE"
"3563","DC","MALE"
"3564","VA","FEMALE"
"3565","NY","MALE"
"3566","MO","MALE"
"3567","FL","MALE"
"3568","GU","FEMALE"
"3569","AS","FEMALE"
"3570","PW","MALE"
"3571","MP","MALE"
"3572","WY","MALE"
"3573","WV","FEMALE"
"3574","LA","MALE"
"3575","ID","MALE"
"3576","NV","FEMALE"
"3577","NC","MALE"
"3578","WI","MALE"
"3579","MN","MALE"
"3580","CO","MALE"
"3581","LA","FEMALE"
"3582","IL","FEMALE"
"3583","WV","MALE"
"3584","MN","FEMALE"
"3585","KY","FEMALE"
"3586","DC","FEMALE"
"3587","PW","FEMALE"
"3588","NC","FEMALE"
"3589","AK","MALE"
"3590","AR","MALE"
"3591","MS","MALE"
"3592","VA","FEMALE"
"3593","MO","MALE"
"3594","PR","MALE"
"3595","IN","MALE"
"3596","WY","MALE"
"3597","IN","MALE"
"3598","AK","MALE"
"3599","TN","FEMALE"
"3600","VI","MALE"
"3601","AL","MALE"
"3602","VI","MALE"
"3603","ND","MALE"
"3604","DE","MALE"
"3605","UT","FEMALE"
"3606","ND","FEMALE"
"3607","WV","FEMALE"
"3608","CO","FEMALE"
"3609","DC","FEMALE"
"3610","CO","MALE"
"3611","ME","MALE"
"3612","NC","FEMALE"
"3613","OH","MALE"
"3614","UT","FEMALE"
"3615","IA","FEMALE"
"3616","UT","MALE"
"3617","FM","MALE"
"3618","WV","FEMALE"
"3619","MA","MALE"
"3620","MI","MALE"
"3621","AS","MALE"
"3622","AL","MALE"
"3623","WV","FEMALE"
"3624","AS","FEMALE"
"3625","DE","FEMALE"
"3626","NV","MALE"
"3627","CT","MALE"
"3628","AL","MALE"
"3629","VI","FEMALE"
"3630","SD","MALE"
"3631","PA","FEMALE"
"3632","MN","FEMALE"
"3633","AL","MALE"
"3634","OK","FEMALE"
"3635","LA","FEMALE"
"3636","MH","MALE"
"3637","NE","MALE"
"3638","WV","FEMALE"
"3639","NV","FEMALE"
"3640","LA","FEMALE"
"3641","MH","FEMALE"
"3642","MI","MALE"
"3643","CO","MALE"
"3644","MH","MALE"
"3645","WA","FEMALE"
"3646","WI","MALE"
"3647","KY","FEMALE"
"3648","MI","FEMALE"
"3649","VI","FEMALE"
"3650","GA","FEMALE"
"3651","RI","FEMALE"
"3652","FM","MALE"
"3653","PW","MALE"
"3654","MN","FEMALE"
"3655","WY","FEMALE"
"3656","VA","MALE"
"3657","TX","MALE"
"3658","MO","MALE"
"3659","NE","FEMALE"
"3660","TN","MALE"
"3661","AS","FEMALE"
"3662","VT","FEMALE"
"3663","HI","FEMALE"
"3664","AR","MALE"
"3665","RI","MALE"
"3666","AL","FEMALE"
"3667","ME","FEMALE"
"3668","OH","MALE"
"3669","ID","FEMALE"
"3670","GA","FEMALE"
"3671","NM","FEMALE"
"3672","KS","FEMALE"
"3673","IA","FEMALE"
"3674","NY","MALE"
"3675","TN","FEMALE"
"3676","GU","FEMALE"
"3677","PW","FEMALE"
"3678","HI","MALE"
"3679","MI","FEMALE"
"3680","KS","FEMALE"
"3681","NC","MALE"
"3682","GA","FEMALE"
"3683","IA","FEMALE"
"3684","DE","MALE"
"3685","NE","FEMALE"
"3686","MN","MALE"
"3687","MS","MALE"
"3688","AL","MALE"
"3689","WY","FEMALE"
"3690","WA","FEMALE"
"3691","IA","FEMALE"
"3692","PW","MALE"
"3693","AZ","FEMALE"
"3694","CT","FEMALE"
"3695","KS","FEMALE"
"3696","AR","FEMALE"
"3697","TN","FEMALE"
"3698","FL","MALE"
"3699","CO","MALE"
"3700","HI","FEMALE"
"3701","IL","MALE"
"3702","GU","FEMALE"
"3703","ID","MALE"
"3704","CO","FEMALE"
"3705","AL","MALE"
"3706","MN","FEMALE"
"3707","HI","FEMALE"
"3708","NH","FEMALE"
"3709","GU","FEMALE"
"3710","IA","MALE"
"3711","NC","MALE"
"3712","LA","MALE"
"3713","GA","MALE"
"3714","VT","MALE"
"3715","CA","MALE"
"3716","WY","MALE"
"3717","NV","FEMALE"
"3718","VT","MALE"
"3719","NY","MALE"
"3720","DC","MALE"
"3721","VI","FEMALE"
"3722","MI","MALE"
"3723","CT","MALE"
"3724","VI","MALE"
"3725","NV","FEMALE"
"3726","PW","MALE"
"3727","FM","FEMALE"
"3728","PW","FEMALE"
"3729","NH","MALE"
"3730","NJ","MALE"
"3731","MN","FEMALE"
"3732","SC","FEMALE"
"3733","CA","MALE"
"3734","OR","MALE"
"3735","NJ","MALE"
"3736","TN","FEMALE"
"3737","KY","FEMALE"
"3738","SD","MALE"
"3739","OH","MALE"
"3740","PW","FEMALE"
"3741","MP","FEMALE"
"3742","GU","FEMALE"
"3743","DE","FEMALE"
"3744","AL","MALE"
"3745","CO","MALE"
"3746","MO","FEMALE"
"3747","LA","FEMALE"
"3748","CT","MALE"
"3749","IL","MALE"
"3750","CA","FEMALE"
"3751","ME","FEMALE"
"3752","IL","MALE"
"3753","NH","MALE"
"3754","HI","FEMALE"
"3755","AK","MALE"
"3756","VI","FEMALE"
"3757","VA","FEMALE"
"3758","HI","FEMALE"
"3759","MP","FEMALE"
"3760","RI","FEMALE"
"3761","MI","FEMALE"
"3762","DE","MALE"
"3763","NH","FEMALE"
"3764","MP","FEMALE"
"3765","LA","FEMALE"
"3766","NV","FEMALE"
"3767","TX","FEMALE"
"3768","NH","FEMALE"
"3769","DE","FEMALE"
"3770","VI","MALE"
"3771","FL","MALE"
"3772","OK","MALE"
"3773","MI","FEMALE"
"3774","NJ","MALE"
"3775","TX","FEMALE"
"3776","LA","MALE"
"3777","MN","FEMALE"
"3778","TX","MALE"
"3779","DE","MALE"
"3780","PA","MALE"
"3781","ME","MALE"
"3782","MN","FEMALE"
"3783","CO","FEMALE"
"3784","VA","MALE"
"3785","MA","MALE"
"3786","AS","FEMALE"
"3787","CT","FEMALE"
"3788","PW","MALE"
"3789","WI","FEMALE"
"3790","VA","FEMALE"
"3791","OK","MALE"
"3792","KY","MALE"
"3793","NV","FEMALE"
"3794","IN","MALE"
"3795","MA","MALE"
"3796","GU","FEMALE"
"3797","VT","MALE"
"3798","WA","FEMALE"
"3799","LA","MALE"
"3800","MH","MALE"
"3801","WA","FEMALE"
"3802","NJ","FEMALE"
"3803","NM","FEMALE"
"3804","WA","FEMALE"
"3805","ID","MALE"
"3806","IN","MALE"
"3807","MN","MALE"
"3808","IL","MALE"
"3809","LA","MALE"
"3810","WA","FEMALE"
"3811","MN","FEMALE"
"3812","AR","MALE"
"3813","OK","MALE"
"3814","VA","FEMALE"
"3815","AL","FEMALE"
"3816","MD","FEMALE"
"3817","WV","FEMALE"
"3818","ND","MALE"
"3819","TX","FEMALE"
"3820","ME","FEMALE"
"3821","GA","FEMALE"
"3822","MA","MALE"
"3823","HI","FEMALE"
"3824","AR","MALE"
"3825","VA","MALE"
"3826","NC","MALE"
"3827","ND","FEMALE"
"3828","LA","FEMALE"
"3829","LA","MALE"
"3830","FM","FEMALE"
"3831","MA","MALE"
"3832","ME","MALE"
"3833","UT","FEMALE"
"3834","AS","MALE"
"3835","DE","MALE"
"3836","SC","FEMALE"
"3837","SD","FEMALE"
"3838","FM","FEMALE"
"3839","WI","FEMALE"
"3840","FM","MALE"
"3841","MA","FEMALE"
"3842","AL","MALE"
"3843","ND","MALE"
"3844","MD","MALE"
"3845","ND","FEMALE"
"3846","CT","MALE"
"3847","TN","MALE"
"3848","TN","MALE"
"3849","OR","MALE"
"3850","ID","FEMALE"
"3851","MT","FEMALE"
"3852","LA","MALE"
"3853","MN","MALE"
"3854","MH","MALE"
"3855","NE","FEMALE"
"3856","NY","MALE"
"3857","FL","MALE"
"3858","CT","MALE"
"3859","OR","MALE"
"3860","IL","MALE"
"3861","GA","FEMALE"
"3862","AR","FEMALE"
"3863","IL","FEMALE"
"3864","IL","MALE"
"3865","WA","FEMALE"
"3866","LA","FEMALE"
"3867","MD","MALE"
"3868","AK","MALE"
"3869","PA","MALE"
"3870","IA","MALE"
"3871","WI","MALE"
"3872","UT","MALE"
"3873","PW","FEMALE"
"3874","OH","MALE"
"3875","NE","MALE"
"3876","AZ","FEMALE"
"3877","VT","FEMALE"
"3878","NH","FEMALE"
"3879","NM","MALE"
"3880","CO","FEMALE"
"3881","GU","MALE"
"3882","GU","FEMALE"
"3883","ND","FEMALE"
"3884","GA","FEMALE"
"3885","VA","FEMALE"
"3886","IN","MALE"
"3887","SC","MALE"
"3888","AK","MALE"
"3889","CO","FEMALE"
"3890","NC","FEMALE"
"3891","CA","MALE"
"3892","SC","FEMALE"
"3893","PW","FEMALE"
"3894","VA","FEMALE"
"3895","TN","FEMALE"
"3896","FM","MALE"
"3897","MO","MALE"
"3898","DC","FEMALE"
"3899","VI","MALE"
"3900","ID","FEMALE"
"3901","HI","MALE"
"3902","MA","FEMALE"
"3903","AK","MALE"
"3904","CO","MALE"
"3905","HI","MALE"
"3906","FM","MALE"
"3907","NH","MALE"
"3908","ME","MALE"
"3909","GU","MALE"
"3910","PR","FEMALE"
"3911","GU","FEMALE"
"3912","DC","FEMALE"
"3913","ME","MALE"
"3914","HI","MALE"
"3915","VT","FEMALE"
"3916","IL","MALE"
"3917","WV","FEMALE"
"3918","MH","MALE"
"3919","WA","FEMALE"
"3920","RI","FEMALE"
"3921","NV","FEMALE"
"3922","TX","MALE"
"3923","NJ","FEMALE"
"3924","KS","MALE"
"3925","UT","FEMALE"
"3926","MS","FEMALE"
"3927","MI","MALE"
"3928","VA","MALE"
"3929","NV","MALE"
"3930","ND","FEMALE"
"3931","SC","FEMALE"
"3932","OK","MALE"
"3933","MH","FEMALE"
"3934","MS","FEMALE"
"3935","UT","FEMALE"
"3936","PW","MALE"
"3937","PW","MALE"
"3938","NM","MALE"
"3939","MT","FEMALE"
"3940","CT","MALE"
"3941","MN","FEMALE"
"3942","FL","FEMALE"
"3943","WV","MALE"
"3944","CT","FEMALE"
"3945","ID","FEMALE"
"3946","NV","FEMALE"
"3947","WA","MALE"
"3948","AR","MALE"
"3949","AZ","MALE"
"3950","PA","MALE"
"3951","MI","FEMALE"
"3952","NY","FEMALE"
"3953","AZ","FEMALE"
"3954","RI","FEMALE"
"3955","NJ","MALE"
"3956","KS","MALE"
"3957","OH","FEMALE"
"3958","AL","MALE"
"3959","MH","FEMALE"
"3960","VA","FEMALE"
"3961","NC","MALE"
"3962","NV","FEMALE"
"3963","AZ","FEMALE"
"3964","CT","MALE"
"3965","IA","FEMALE"
"3966","MP","FEMALE"
"3967","MN","FEMALE"
"3968","TX","MALE"
"3969","NE","FEMALE"
"3970","CA","MALE"
"3971","NV","FEMALE"
"3972","NJ","FEMALE"
"3973","KY","MALE"
"3974","AR","MALE"
"3975","ID","MALE"
"3976","SD","FEMALE"
"3977","PW","MALE"
"3978","PR","MALE"
"3979","MH","FEMALE"
"3980","WI","MALE"
"3981","NY","MALE"
"3982","TX","FEMALE"
"3983","WA","FEMALE"
"3984","NV","MALE"
"3985","ME","FEMALE"
"3986","AS","FEMALE"
"3987","ID","MALE"
"3988","PA","FEMALE"
"3989","IA","MALE"
"3990","WA","MALE"
"3991","OK","FEMALE"
"3992","NV","FEMALE"
"3993","RI","MALE"
"3994","OK","MALE"
"3995","WV","MALE"
"3996","TN","MALE"
"3997","AL","FEMALE"
"3998","MT","MALE"
"3999","LA","FEMALE"
"4000","AL","MALE"
"4001","AS","MALE"
"4002","MA","FEMALE"
"4003","MN","MALE"
"4004","MD","MALE"
"4005","IL","FEMALE"
"4006","ME","FEMALE"
"4007","AZ","MALE"
"4008","PA","MALE"
"4009","SC","MALE"
"4010","MH","MALE"
"4011","HI","FEMALE"
"4012","NV","MALE"
"4013","MD","MALE"
"4014","RI","MALE"
"4015","DE","FEMALE"
"4016","MO","MALE"
"4017","AK","FEMALE"
"4018","VI","FEMALE"
"4019","MO","MALE"
"4020","PA","FEMALE"
"4021","ME","MALE"
"4022","VA","MALE"
"4023","IL","FEMALE"
"4024","HI","FEMALE"
"4025","AZ","MALE"
"4026","MH","FEMALE"
"4027","VA","MALE"
"4028","HI","FEMALE"
"4029","AL","MALE"
"4030","MP","MALE"
"4031","WV","MALE"
"4032","RI","FEMALE"
"4033","PR","FEMALE"
"4034","DE","FEMALE"
"4035","OR","FEMALE"
"4036","IA","FEMALE"
"4037","MH","FEMALE"
"4038","CA","MALE"
"4039","AS","FEMALE"
"4040","PR","MALE"
"4041","NV","FEMALE"
"4042","WI","MALE"
"4043","FM","FEMALE"
"4044","VA","MALE"
"4045","OR","FEMALE"
"4046","OH","FEMALE"
"4047","ID","FEMALE"
"4048","TN","MALE"
"4049","NM","MALE"
"4050","MH","FEMALE"
"4051","FM","FEMALE"
"4052","TX","MALE"
"4053","IN","MALE"
"4054","ID","FEMALE"
"4055","MT","MALE"
"4056","MP","MALE"
"4057","ME","FEMALE"
"4058","NC","MALE"
"4059","NC","FEMALE"
"4060","OR","FEMALE"
"4061","HI","MALE"
"4062","AR","FEMALE"
"4063","ID","FEMALE"
"4064","WA","MALE"
"4065","PR","MALE"
"4066","IL","FEMALE"
"4067","SC","FEMALE"
"4068","PW","FEMALE"
"4069","NE","FEMALE"
"4070","VI","FEMALE"
"4071","TX","MALE"
"4072","MP","FEMALE"
"4073","WV","MALE"
"4074","SD","FEMALE"
"4075","AZ","MALE"
"4076","MH","FEMALE"
"4077","KY","FEMALE"
"4078","HI","MALE"
"4079","AZ","MALE"
"4080","FL","MALE"
"4081","MN","FEMALE"
"4082","VA","MALE"
"4083","NJ","MALE"
"4084","OK","MALE"
"4085","ME","FEMALE"
"4086","SC","MALE"
"4087","OK","FEMALE"
"4088","MN","MALE"
"4089","NJ","FEMALE"
"4090","NM","FEMALE"
"4091","OR","FEMALE"
"4092","MS","FEMALE"
"4093","WY","MALE"
"4094","RI","MALE"
"4095","FM","FEMALE"
"4096","OR","MALE"
"4097","ND","MALE"
"4098","SC","FEMALE"
"4099","TX","MALE"
"4100","AS","MALE"
"4101","CO","FEMALE"
"4102","MD","FEMALE"
"4103","MO","MALE"
"4104","MH","FEMALE"
"4105","TX","FEMALE"
"4106","DE","MALE"
"4107","VI","FEMALE"
"4108","WA","MALE"
"4109","OR","MALE"
"4110","CO","FEMALE"
"4111","AZ","MALE"
"4112","DC","FEMALE"
"4113","DE","MALE"
"4114","MI","FEMALE"
"4115","OH","FEMALE"
"4116","OK","MALE"
"4117","MS","MALE"
"4118","IN","MALE"
"4119","MI","MALE"
"4120","KS","FEMALE"
"4121","KS","MALE"
"4122","AL","MALE"
"4123","NC","FEMALE"
"4124","GA","MALE"
"4125","CO","FEMALE"
"4126","PW","FEMALE"
"4127","AR","MALE"
"4128","NH","MALE"
"4129","KY","FEMALE"
"4130","OR","MALE"
"4131","NE","FEMALE"
"4132","WI","FEMALE"
"4133","AL","MALE"
"4134","AS","MALE"
"4135","NJ","MALE"
"4136","MN","FEMALE"
"4137","KY","FEMALE"
"4138","IA","FEMALE"
"4139","MN","MALE"
"4140","MS","MALE"
"4141","VT","MALE"
"4142","SC","MALE"
"4143","NY","FEMALE"
"4144","WI","FEMALE"
"4145","CT","FEMALE"
"4146","OH","MALE"
"4147","GA","MALE"
"4148","AR","MALE"
"4149","MD","MALE"
"4150","KS","FEMALE"
"4151","HI","FEMALE"
"4152","TN","MALE"
"4153","VT","MALE"
"4154","ND","FEMALE"
"4155","IN","MALE"
"4156","OH","MALE"
"4157","WI","MALE"
"4158","NE","MALE"
"4159","OR","MALE"
"4160","WI","FEMALE"
"4161","WV","FEMALE"
"4162","AS","MALE"
"4163","NC","MALE"
"4164","VI","FEMALE"
"4165","DE","FEMALE"
"4166","SC","MALE"
"4167","DC","MALE"
"4168","IN","MALE"
"4169","HI","MALE"
"4170","AK","MALE"
"4171","MA","MALE"
"4172","WI","FEMALE"
"4173","NY","MALE"
"4174","IA","MALE"
"4175","NM","MALE"
"4176","MP","FEMALE"
"4177","WV","MALE"
"4178","MT","FEMALE"
"4179","MS","MALE"
"4180","FL","FEMALE"
"4181","RI","FEMALE"
"4182","SC","MALE"
"4183","CA","MALE"
"4184","KS","MALE"
"4185","NC","MALE"
"4186","NH","FEMALE"
"4187","AZ","MALE"
"4188","FM","MALE"
"4189","MD","MALE"
"4190","GU","MALE"
"4191","IL","MALE"
"4192","FL","FEMALE"
"4193","MS","FEMALE"
"4194","NY","MALE"
"4195","MS","FEMALE"
"4196","IL","MALE"
"4197","AZ","MALE"
"4198","TN","FEMALE"
"4199","AR","FEMALE"
"4200","MT","MALE"
"4201","OH","FEMALE"
"4202","AK","FEMALE"
"4203","NC","FEMALE"
"4204","ID","MALE"
"4205","MS","MALE"
"4206","CT","FEMALE"
"4207","NJ","FEMALE"
"4208","SC","FEMALE"
"4209","AR","FEMALE"
"4210","MT","MALE"
"4211","PA","MALE"
"4212","AK","MALE"
"4213","MS","MALE"
"4214","WV","FEMALE"
"4215","ID","MALE"
"4216","DC","MALE"
"4217","AZ","MALE"
"4218","NH","FEMALE"
"4219","PR","FEMALE"
"4220","SD","MALE"
"4221","NV","FEMALE"
"4222","GA","FEMALE"
"4223","GU","FEMALE"
"4224","ID","MALE"
"4225","VA","FEMALE"
"4226","NE","MALE"
"4227","LA","FEMALE"
"4228","IL","MALE"
"4229","MH","MALE"
"4230","PW","FEMALE"
"4231","MO","MALE"
"4232","TN","MALE"
"4233","UT","MALE"
"4234","SD","FEMALE"
"4235","KS","MALE"
"4236","MS","FEMALE"
"4237","IA","FEMALE"
"4238","IL","MALE"
"4239","PW","MALE"
"4240","KY","MALE"
"4241","FL","FEMALE"
"4242","CT","MALE"
"4243","CT","FEMALE"
"4244","OR","FEMALE"
"4245","CT","MALE"
"4246","KS","FEMALE"
"4247","VT","MALE"
"4248","TN","FEMALE"
"4249","NE","MALE"
"4250","TN","MALE"
"4251","PR","FEMALE"
"4252","OK","MALE"
"4253","VI","MALE"
"4254","IA","MALE"
"4255","IL","MALE"
"4256","KS","MALE"
"4257","FM","MALE"
"4258","FL","FEMALE"
"4259","WV","MALE"
"4260","OR","MALE"
"4261","CA","MALE"
"4262","AK","MALE"
"4263","MT","FEMALE"
"4264","GA","MALE"
"4265","MP","FEMALE"
"4266","GU","FEMALE"
"4267","FL","MALE"
"4268","WI","MALE"
"4269","NH","FEMALE"
"4270","WV","FEMALE"
"4271","CT","FEMALE"
"4272","AL","MALE"
"4273","VT","MALE"
"4274","OK","FEMALE"
"4275","DE","MALE"
"4276","OR","FEMALE"
"4277","FM","MALE"
"4278","NY","MALE"
"4279","VI","MALE"
"4280","CT","MALE"
"4281","TX","MALE"
"4282","TN","MALE"
"4283","WI","MALE"
"4284","WV","FEMALE"
"4285","WV","FEMALE"
"4286","DC","MALE"
"4287","FM","MALE"
"4288","VI","FEMALE"
"4289","TN","MALE"
"4290","OK","FEMALE"
"4291","VT","FEMALE"
"4292","MI","MALE"
"4293","MP","MALE"
"4294","CA","MALE"
"4295","KS","FEMALE"
"4296","KS","FEMALE"
"4297","GA","FEMALE"
"4298","PR","MALE"
"4299","MO","MALE"
"4300","OK","MALE"
"4301","IN","FEMALE"
"4302","VI","MALE"
"4303","UT","FEMALE"
"4304","FM","MALE"
"4305","VT","FEMALE"
"4306","SC","MALE"
"4307","IL","MALE"
"4308","AK","MALE"
"4309","MN","MALE"
"4310","OH","FEMALE"
"4311","FL","FEMALE"
"4312","PR","FEMALE"
"4313","PR","FEMALE"
"4314","NY","FEMALE"
"4315","SC","FEMALE"
"4316","GA","MALE"
"4317","LA","MALE"
"4318","PW","MALE"
"4319","AL","FEMALE"
"4320","MI","FEMALE"
"4321","NY","MALE"
"4322","PA","FEMALE"
"4323","VI","FEMALE"
"4324","TN","MALE"
"4325","NE","MALE"
"4326","MI","MALE"
"4327","CO","FEMALE"
"4328","CO","MALE"
"4329","NH","MALE"
"4330","OH","FEMALE"
"4331","VT","FEMALE"
"4332","NJ","MALE"
"4333","MP","MALE"
"4334","SD","FEMALE"
"4335","CA","MALE"
"4336","MP","FEMALE"
"4337","DC","FEMALE"
"4338","NE","FEMALE"
"4339","NY","FEMALE"
"4340","WA","MALE"
"4341","TX","FEMALE"
"4342","WI","MALE"
"4343","IL","FEMALE"
"4344","MN","FEMALE"
"4345","MD","MALE"
"4346","SC","FEMALE"
"4347","IN","FEMALE"
"4348","KY","MALE"
"4349","VA","FEMALE"
"4350","SD","MALE"
"4351","SC","FEMALE"
"4352","RI","MALE"
"4353","MS","FEMALE"
"4354","MP","MALE"
"4355","KY","MALE"
"4356","TN","FEMALE"
"4357","AL","FEMALE"
"4358","MP","FEMALE"
"4359","TN","FEMALE"
"4360","UT","FEMALE"
"4361","MH","FEMALE"
"4362","HI","FEMALE"
"4363","TN","FEMALE"
"4364","DE","MALE"
"4365","NV","MALE"
"4366","MT","FEMALE"
"4367","FM","MALE"
"4368","AL","MALE"
"4369","AZ","FEMALE"
"4370","LA","MALE"
"4371","UT","MALE"
"4372","PA","MALE"
"4373","SC","MALE"
"4374","MI","MALE"
"4375","MN","FEMALE"
"4376","WV","MALE"
"4377","AK","FEMALE"
"4378","VT","MALE"
"4379","IL","FEMALE"
"4380","TN","MALE"
"4381","VT","FEMALE"
"4382","UT","MALE"
"4383","PR","FEMALE"
"4384","CA","FEMALE"
"4385","VT","MALE"
"4386","AK","FEMALE"
"4387","DE","MALE"
"4388","DE","FEMALE"
"4389","VT","FEMALE"
"4390","WY","FEMALE"
"4391","IL","FEMALE"
"4392","VI","FEMALE"
"4393","HI","MALE"
"4394","IN","FEMALE"
"4395","VA","MALE"
"4396","FM","MALE"
"4397","AR","MALE"
"4398","MT","MALE"
"4399","IL","MALE"
"4400","AZ","FEMALE"
"4401","PA","MALE"
"4402","GA","FEMALE"
"4403","GA","MALE"
"4404","WV","MALE"
"4405","RI","FEMALE"
"4406","MP","MALE"
"4407","CA","MALE"
"4408","PW","MALE"
"4409","AS","MALE"
"4410","GU","FEMALE"
"4411","RI","FEMALE"
"4412","NM","MALE"
"4413","LA","MALE"
"4414","FM","FEMALE"
"4415","PW","MALE"
"4416","RI","MALE"
"4417","MT","MALE"
"4418","IA","MALE"
"4419","IA","FEMALE"
"4420","MN","MALE"
"4421","WI","FEMALE"
"4422","NY","MALE"
"4423","NY","MALE"
"4424","WY","FEMALE"
"4425","MS","FEMALE"
"4426","ND","FEMALE"
"4427","PA","MALE"
"4428","PW","FEMALE"
"4429","DE","FEMALE"
"4430","UT","FEMALE"
"4431","FL","FEMALE"
"4432","CT","MALE"
"4433","HI","FEMALE"
"4434","DC","MALE"
"4435","KS","MALE"
"4436","IA","MALE"
"4437","AR","MALE"
"4438","AR","MALE"
"4439","NJ","FEMALE"
"4440","NE","FEMALE"
"4441","MA","MALE"
"4442","AS","FEMALE"
"4443","NM","FEMALE"
"4444","MT","FEMALE"
"4445","PR","MALE"
"4446","CO","FEMALE"
"4447","MA","FEMALE"
"4448","VA","MALE"
"4449","MA","FEMALE"
"4450","AS","MALE"
"4451","AL","FEMALE"
"4452","GA","MALE"
"4453","VI","MALE"
"4454","DC","MALE"
"4455","NM","MALE"
"4456","ND","FEMALE"
"4457","NE","MALE"
"4458","FL","FEMALE"
"4459","MA","FEMALE"
"4460","OR","MALE"
"4461","GA","MALE"
"4462","MH","MALE"
"4463","NC","FEMALE"
"4464","TX","FEMALE"
"4465","NM","FEMALE"
"4466","NV","FEMALE"
"4467","NJ","MALE"
"4468","MA","FEMALE"
"4469","MD","MALE"
"4470","NJ","MALE"
"4471","ME","MALE"
"4472","GU","FEMALE"
"4473","NH","FEMALE"
"4474","OR","MALE"
"4475","PR","FEMALE"
"4476","PW","FEMALE"
"4477","OH","FEMALE"
"4478","WI","FEMALE"
"4479","RI","FEMALE"
"4480","HI","FEMALE"
"4481","MA","MALE"
"4482","NM","FEMALE"
"4483","UT","MALE"
"4484","KS","MALE"
"4485","AS","MALE"
"4486","GA","FEMALE"
"4487","UT","FEMALE"
"4488","ME","MALE"
"4489","GU","FEMALE"
"4490","KS","MALE"
"4491","IA","FEMALE"
"4492","UT","MALE"
"4493","RI","MALE"
"4494","IA","FEMALE"
"4495","PR","FEMALE"
"4496","NJ","MALE"
"4497","PW","FEMALE"
"4498","NM","MALE"
"4499","SC","MALE"
"4500","MS","MALE"
"4501","NJ","MALE"
"4502","MI","FEMALE"
"4503","NH","FEMALE"
"4504","MN","FEMALE"
"4505","MA","FEMALE"
"4506","HI","MALE"
"4507","DC","FEMALE"
"4508","RI","MALE"
"4509","IN","MALE"
"4510","AR","FEMALE"
"4511","CA","FEMALE"
"4512","NV","MALE"
"4513","ME","FEMALE"
"4514","RI","MALE"
"4515","MA","MALE"
"4516","FM","MALE"
"4517","AR","FEMALE"
"4518","GA","MALE"
"4519","GA","FEMALE"
"4520","WI","FEMALE"
"4521","VT","MALE"
"4522","CT","MALE"
"4523","AS","FEMALE"
"4524","TX","FEMALE"
"4525","LA","FEMALE"
"4526","IL","MALE"
"4527","MI","FEMALE"
"4528","TX","FEMALE"
"4529","WV","MALE"
"4530","WI","FEMALE"
"4531","NY","FEMALE"
"4532","PA","MALE"
"4533","OH","FEMALE"
"4534","WI","FEMALE"
"4535","VA","FEMALE"
"4536","WI","FEMALE"
"4537","HI","MALE"
"4538","PW","FEMALE"
"4539","WI","FEMALE"
"4540","IL","FEMALE"
"4541","GU","MALE"
"4542","PA","FEMALE"
"4543","ME","FEMALE"
"4544","MP","MALE"
"4545","PW","MALE"
"4546","GU","MALE"
"4547","NE","MALE"
"4548","NJ","MALE"
"4549","NM","MALE"
"4550","NY","MALE"
"4551","ME","FEMALE"
"4552","SD","MALE"
"4553","OR","FEMALE"
"4554","LA","FEMALE"
"4555","TX","FEMALE"
"4556","AZ","FEMALE"
"4557","WA","MALE"
"4558","LA","FEMALE"
"4559","WA","MALE"
"4560","MA","FEMALE"
"4561","NE","MALE"
"4562","PA","MALE"
"4563","NY","FEMALE"
"4564","MS","MALE"
"4565","OR","FEMALE"
"4566","OH","FEMALE"
"4567","HI","FEMALE"
"4568","IA","FEMALE"
"4569","IL","FEMALE"
"4570","AK","MALE"
"4571","OK","FEMALE"
"4572","PR","FEMALE"
"4573","ND","FEMALE"
"4574","MP","MALE"
"4575","OK","FEMALE"
"4576","DC","FEMALE"
"4577","CA","FEMALE"
"4578","MO","FEMALE"
"4579","NE","FEMALE"
"4580","DE","FEMALE"
"4581","TN","MALE"
"4582","AS","MALE"
"4583","VA","MALE"
"4584","ND","FEMALE"
"4585","MH","MALE"
"4586","WI","FEMALE"
"4587","TX","MALE"
"4588","SD","MALE"
"4589","AR","MALE"
"4590","DC","FEMALE"
"4591","MS","MALE"
"4592","MS","MALE"
"4593","MP","MALE"
"4594","PR","FEMALE"
"4595","DC","FEMALE"
"4596","MI","FEMALE"
"4597","CT","FEMALE"
"4598","HI","FEMALE"
"4599","MI","MALE"
"4600","NY","FEMALE"
"4601","NH","MALE"
"4602","PW","FEMALE"
"4603","KS","MALE"
"4604","MA","MALE"
"4605","VI","FEMALE"
"4606","CA","FEMALE"
"4607","RI","FEMALE"
"4608","ND","MALE"
"4609","OK","FEMALE"
"4610","TN","MALE"
"4611","KY","MALE"
"4612","WV","FEMALE"
"4613","OK","MALE"
"4614","MI","FEMALE"
"4615","IA","FEMALE"
"4616","SD","FEMALE"
"4617","OH","FEMALE"
"4618","ND","FEMALE"
"4619","MP","FEMALE"
"4620","SD","MALE"
"4621","DE","MALE"
"4622","UT","MALE"
"4623","GA","FEMALE"
"4624","GU","FEMALE"
"4625","MI","FEMALE"
"4626","KY","FEMALE"
"4627","VA","MALE"
"4628","SD","FEMALE"
"4629","NH","FEMALE"
"4630","NC","FEMALE"
"4631","IN","MALE"
"4632","AL","MALE"
"4633","AR","FEMALE"
"4634","IL","FEMALE"
"4635","MI","MALE"
"4636","DC","MALE"
"4637","WI","FEMALE"
"4638","NE","MALE"
"4639","MT","MALE"
"4640","RI","FEMALE"
"4641","NJ","FEMALE"
"4642","KY","MALE"
"4643","ID","FEMALE"
"4644","OK","MALE"
"4645","HI","FEMALE"
"4646","VI","FEMALE"
"4647","NH","FEMALE"
"4648","NC","MALE"
"4649","TN","FEMALE"
"4650","AS","FEMALE"
"4651","SD","FEMALE"
"4652","MD","FEMALE"
"4653","ME","MALE"
"4654","OK","MALE"
"4655","AR","FEMALE"
"4656","IL","FEMALE"
"4657","HI","MALE"
"4658","AZ","MALE"
"4659","AR","FEMALE"
"4660","TX","MALE"
"4661","MH","MALE"
"4662","WV","MALE"
"4663","NE","FEMALE"
"4664","IL","FEMALE"
"4665","WV","MALE"
"4666","WV","FEMALE"
"4667","IL","MALE"
"4668","WA","FEMALE"
"4669","SD","MALE"
"4670","VT","FEMALE"
"4671","AS","MALE"
"4672","FL","MALE"
"4673","TN","MALE"
"4674","AR","FEMALE"
"4675","PW","FEMALE"
"4676","CT","MALE"
"4677","PA","MALE"
"4678","MN","FEMALE"
"4679","WY","MALE"
"4680","RI","MALE"
"4681","MO","MALE"
"4682","CA","FEMALE"
"4683","MN","MALE"
"4684","AZ","MALE"
"4685","WA","MALE"
"4686","KY","MALE"
"4687","OR","FEMALE"
"4688","AS","MALE"
"4689","VI","FEMALE"
"4690","AS","FEMALE"
"4691","OR","MALE"
"4692","MA","FEMALE"
"4693","IN","FEMALE"
"4694","DC","FEMALE"
"4695","PR","FEMALE"
"4696","WI","FEMALE"
"4697","GA","FEMALE"
"4698","IA","MALE"
"4699","VT","FEMALE"
"4700","HI","MALE"
"4701","AL","FEMALE"
"4702","AL","FEMALE"
"4703","VT","FEMALE"
"4704","DC","MALE"
"4705","DC","MALE"
"4706","HI","FEMALE"
"4707","NJ","FEMALE"
"4708","WV","FEMALE"
"4709","MA","FEMALE"
"4710","NV","FEMALE"
"4711","NC","MALE"
"4712","AK","FEMALE"
"4713","MH","FEMALE"
"4714","MO","FEMALE"
"4715","AK","FEMALE"
"4716","PR","FEMALE"
"4717","VA","MALE"
"4718","LA","MALE"
"4719","VI","MALE"
"4720","MO","MALE"
"4721","NM","MALE"
"4722","MH","FEMALE"
"4723","NC","MALE"
"4724","GU","MALE"
"4725","NH","FEMALE"
"4726","MD","MALE"
"4727","WY","FEMALE"
"4728","NY","FEMALE"
"4729","WI","FEMALE"
"4730","NV","MALE"
"4731","VA","MALE"
"4732","ID","MALE"
"4733","MN","FEMALE"
"4734","FL","FEMALE"
"4735","RI","MALE"
"4736","AS","MALE"
"4737","UT","MALE"
"4738","DC","FEMALE"
"4739","HI","FEMALE"
"4740","PA","FEMALE"
"4741","MS","FEMALE"
"4742","GU","FEMALE"
"4743","KY","MALE"
"4744","PR","FEMALE"
"4745","PA","FEMALE"
"4746","CA","MALE"
"4747","OK","MALE"
"4748","OH","MALE"
"4749","CT","MALE"
"4750","GA","FEMALE"
"4751","IA","FEMALE"
"4752","ME","FEMALE"
"4753","IL","FEMALE"
"4754","NC","FEMALE"
"4755","SD","FEMALE"
"4756","NC","MALE"
"4757","NV","FEMALE"
"4758","NE","FEMALE"
"4759","GA","FEMALE"
"4760","FM","MALE"
"4761","NM","MALE"
"4762","LA","FEMALE"
"4763","NM","MALE"
"4764","PA","MALE"
"4765","TN","MALE"
"4766","AS","MALE"
"4767","CO","MALE"
"4768","SD","MALE"
"4769","IL","MALE"
"4770","OH","MALE"
"4771","SD","FEMALE"
"4772","NE","FEMALE"
"4773","SC","FEMALE"
"4774","NY","FEMALE"
"4775","GU","MALE"
"4776","FM","FEMALE"
"4777","WY","MALE"
"4778","ID","FEMALE"
"4779","MD","MALE"
"4780","TX","MALE"
"4781","OK","MALE"
"4782","GA","MALE"
"4783","MI","MALE"
"4784","OH","FEMALE"
"4785","IN","MALE"
"4786","PW","MALE"
"4787","GU","FEMALE"
"4788","VT","FEMALE"
"4789","UT","FEMALE"
"4790","AS","MALE"
"4791","NH","MALE"
"4792","WY","FEMALE"
"4793","FL","MALE"
"4794","CT","FEMALE"
"4795","WI","FEMALE"
"4796","DE","FEMALE"
"4797","NM","FEMALE"
"4798","MN","FEMALE"
"4799","RI","MALE"
"4800","IL","MALE"
"4801","VT","MALE"
"4802","MS","FEMALE"
"4803","AR","FEMALE"
"4804","MA","MALE"
"4805","AZ","FEMALE"
"4806","AR","MALE"
"4807","SC","FEMALE"
"4808","NJ","FEMALE"
"4809","PA","FEMALE"
"4810","NV","MALE"
"4811","WI","FEMALE"
"4812","IL","FEMALE"
"4813","NE","MALE"
"4814","MA","FEMALE"
"4815","FM","FEMALE"
"4816","OH","FEMALE"
"4817","TN","MALE"
"4818","NY","FEMALE"
"4819","FM","MALE"
"4820","MT","MALE"
"4821","KY","FEMALE"
"4822","VA","MALE"
"4823","ME","FEMALE"
"4824","ME","MALE"
"4825","OH","FEMALE"
"4826","AL","MALE"
"4827","PR","FEMALE"
"4828","NC","FEMALE"
"4829","CT","FEMALE"
"4830","AZ","MALE"
"4831","KS","FEMALE"
"4832","NH","FEMALE"
"4833","WA","MALE"
"4834","MN","FEMALE"
"4835","PW","FEMALE"
"4836","KY","MALE"
"4837","VT","FEMALE"
"4838","MO","FEMALE"
"4839","OK","FEMALE"
"4840","RI","MALE"
"4841","IA","FEMALE"
"4842","VT","FEMALE"
"4843","FL","FEMALE"
"4844","MA","MALE"
"4845","MO","MALE"
"4846","MP","FEMALE"
"4847","PA","MALE"
"4848","CA","MALE"
"4849","DC","FEMALE"
"4850","NC","FEMALE"
"4851","MD","FEMALE"
"4852","LA","FEMALE"
"4853","ME","FEMALE"
"4854","PA","MALE"
"4855","VT","FEMALE"
"4856","DE","FEMALE"
"4857","AL","MALE"
"4858","NJ","FEMALE"
"4859","OH","FEMALE"
"4860","AZ","MALE"
"4861","TN","FEMALE"
"4862","UT","FEMALE"
"4863","NV","FEMALE"
"4864","PA","MALE"
"4865","OR","MALE"
"4866","TX","FEMALE"
"4867","AZ","MALE"
"4868","MN","MALE"
"4869","CA","FEMALE"
"4870","UT","MALE"
"4871","DE","FEMALE"
"4872","RI","MALE"
"4873","MP","MALE"
"4874","MN","MALE"
"4875","FM","FEMALE"
"4876","HI","MALE"
"4877","MS","MALE"
"4878","MO","FEMALE"
"4879","NH","MALE"
"4880","MN","MALE"
"4881","NV","FEMALE"
"4882","CA","MALE"
"4883","NJ","MALE"
"4884","MN","MALE"
"4885","MS","MALE"
"4886","WI","FEMALE"
"4887","MN","MALE"
"4888","GA","MALE"
"4889","MI","MALE"
"4890","VA","FEMALE"
"4891","SC","FEMALE"
"4892","PW","MALE"
"4893","NC","FEMALE"
"4894","AK","MALE"
"4895","NM","MALE"
"4896","WA","FEMALE"
"4897","PR","FEMALE"
"4898","PA","MALE"
"4899","NY","FEMALE"
"4900","IA","MALE"
"4901","CA","MALE"
"4902","PR","FEMALE"
"4903","MS","FEMALE"
"4904","WY","MALE"
"4905","ID","FEMALE"
"4906","WY","MALE"
"4907","IL","FEMALE"
"4908","PR","FEMALE"
"4909","NV","MALE"
"4910","UT","MALE"
"4911","GU","FEMALE"
"4912","AR","MALE"
"4913","NY","FEMALE"
"4914","IA","FEMALE"
"4915","NY","MALE"
"4916","AK","MALE"
"4917","NM","MALE"
"4918","OH","MALE"
"4919","HI","MALE"
"4920","PA","FEMALE"
"4921","MI","MALE"
"4922","MP","FEMALE"
"4923","VI","MALE"
"4924","FM","MALE"
"4925","IA","MALE"
"4926","PR","MALE"
"4927","CT","FEMALE"
"4928","NV","MALE"
"4929","VI","MALE"
"4930","HI","FEMALE"
"4931","NM","MALE"
"4932","MT","FEMALE"
"4933","MN","FEMALE"
"4934","CA","FEMALE"
"4935","AZ","FEMALE"
"4936","PW","FEMALE"
"4937","IN","FEMALE"
"4938","IA","MALE"
"4939","VT","FEMALE"
"4940","WY","FEMALE"
"4941","KY","FEMALE"
"4942","PW","MALE"
"4943","TN","FEMALE"
"4944","VI","FEMALE"
"4945","IA","FEMALE"
"4946","MP","FEMALE"
"4947","NH","FEMALE"
"4948","AS","FEMALE"
"4949","NC","MALE"
"4950","GU","FEMALE"
"4951","AL","MALE"
"4952","MT","FEMALE"
"4953","MH","FEMALE"
"4954","ID","MALE"
"4955","SD","MALE"
"4956","GU","MALE"
"4957","SC","FEMALE"
"4958","MP","MALE"
"4959","OH","MALE"
"4960","AK","FEMALE"
"4961","UT","FEMALE"
"4962","VI","MALE"
"4963","NC","FEMALE"
"4964","AR","FEMALE"
"4965","PW","MALE"
"4966","ID","MALE"
"4967","NH","FEMALE"
"4968","MN","MALE"
"4969","CA","MALE"
"4970","UT","FEMALE"
"4971","NY","MALE"
"4972","ME","MALE"
"4973","MO","FEMALE"
"4974","NE","MALE"
"4975","SD","FEMALE"
"4976","OK","FEMALE"
"4977","KY","MALE"
"4978","WY","MALE"
"4979","GA","MALE"
"4980","IL","FEMALE"
"4981","MA","FEMALE"
"4982","AL","MALE"
"4983","PR","FEMALE"
"4984","NV","MALE"
"4985","CT","MALE"
"4986","WY","MALE"
"4987","MN","FEMALE"
"4988","UT","MALE"
"4989","MS","FEMALE"
"4990","AZ","FEMALE"
"4991","UT","FEMALE"
"4992","KY","FEMALE"
"4993","IN","FEMALE"
"4994","SC","FEMALE"
"4995","WI","MALE"
"4996","AZ","FEMALE"
"4997","MS","FEMALE"
"4998","OH","FEMALE"
"4999","NH","MALE"
"5000","MH","FEMALE"
